﻿Hồ chứa,LVS/Hồ/Ngày/Giờ,LVS/Hồ chứa/Ngày,Lưu vực sông,Mực nước hồ (m),Lưu lượng đến hồ (m³/s),Tổng lưu lượng xả (m³/s)[Yêu cầu],Tổng lưu lượng xả (m³/s)[Thực tế],Tổng lưu lượng xả (m³/s)[+/-],Dòng chảy tối thiểu (m³/s)[Yêu cầu],Dòng chảy tối thiểu (m³/s)[Thực tế],Dòng chảy tối thiểu (m³/s)[+/-],Thời gian xả (Giờ)[Yêu cầu],Thời gian xả (Giờ)[Thực tế],Thời gian xả (Giờ)[+/-],Thực Hiện
An Khê,1,01/01/2016,Ba,428,4,--,4,--,4,4,0,1,1,0,Đúng
An Khê,3,01/01/2016,Ba,428,4,--,4,--,4,4,0,1,1,0,Đúng
An Khê,5,01/01/2016,Ba,428,4,--,4,--,4,4,0,1,1,0,Đúng
An Khê,7,01/01/2016,Ba,428,5,--,6,--,6,6,0,1,1,0,Đúng
An Khê,9,01/01/2016,Ba,428,6,--,6,--,6,6,0,1,1,0,Đúng
An Khê,11,01/01/2016,Ba,428,6,--,6,--,6,6,0,1,1,0,Đúng
An Khê,13,01/01/2016,Ba,428,6,--,6,--,6,6,0,1,1,0,Đúng
An Khê,15,01/01/2016,Ba,428,6,--,6,--,6,6,0,1,1,0,Đúng
An Khê,17,01/01/2016,Ba,428,6,--,6,--,6,6,0,1,1,0,Đúng
An Khê,19,01/01/2016,Ba,428,6,--,6,--,6,6,0,1,1,0,Đúng
An Khê,21,01/01/2016,Ba,428,5,--,4,--,4,4,0,1,1,0,Đúng
An Khê,23,01/01/2016,Ba,428,4,--,4,--,4,4,0,1,1,0,Đúng
An Khê,1,02/01/2016,Ba,428,4,--,4,--,4,4,0,1,1,0,Đúng
An Khê,3,02/01/2016,Ba,428,4,--,4,--,4,4,0,1,1,0,Đúng
An Khê,5,02/01/2016,Ba,428,4,--,4,--,4,4,0,1,1,0,Đúng
An Khê,7,02/01/2016,Ba,427.99,3.19,--,4,--,6,6,0,1,1,0,Đúng
An Khê,9,02/01/2016,Ba,427.99,4.19,--,6,--,6,6,0,1,1,0,Đúng
An Khê,11,02/01/2016,Ba,427.99,6,--,6,--,6,6,0,1,1,0,Đúng
An Khê,13,02/01/2016,Ba,427.99,6,--,6,--,6,6,0,1,1,0,Đúng
An Khê,15,02/01/2016,Ba,427.99,6,--,6,--,6,6,0,1,1,0,Đúng
An Khê,17,02/01/2016,Ba,427.99,6,--,6,--,6,6,0,1,1,0,Đúng
An Khê,19,02/01/2016,Ba,428,7.81,--,6,--,6,6,0,1,1,0,Đúng
An Khê,21,02/01/2016,Ba,428,6.81,--,4,--,4,4,0,1,1,0,Đúng
An Khê,23,02/01/2016,Ba,428,4,--,4,--,4,4,0,1,1,0,Đúng
An Khê,1,03/01/2016,Ba,428,4,--,4,--,4,4,0,1,1,0,Đúng
An Khê,3,03/01/2016,Ba,428,4,--,4,--,4,4,0,1,1,0,Đúng
An Khê,5,03/01/2016,Ba,428,4,--,4,--,4,4,0,1,1,0,Đúng
An Khê,7,03/01/2016,Ba,428,5,--,4,--,6,4,-2,1,1,0,Không Đúng
An Khê,9,03/01/2016,Ba,428.01,8.15,--,6,--,6,6,0,1,1,0,Đúng
An Khê,11,03/01/2016,Ba,428.01,8.15,--,6,--,6,6,0,1,1,0,Đúng
An Khê,13,03/01/2016,Ba,428.01,6,--,6,--,6,6,0,1,1,0,Đúng
An Khê,15,03/01/2016,Ba,428.01,6,--,6,--,6,6,0,1,1,0,Đúng
An Khê,17,03/01/2016,Ba,428.01,6,--,6,--,6,6,0,1,1,0,Đúng
An Khê,19,03/01/2016,Ba,428.01,6,--,6,--,6,6,0,1,1,0,Đúng
An Khê,21,03/01/2016,Ba,428.01,5.50,--,4,--,4,4,0,1,1,0,Đúng
An Khê,23,03/01/2016,Ba,428.01,4,--,4,--,4,4,0,1,1,0,Đúng
An Khê,1,04/01/2016,Ba,428.01,4,--,4,--,4,4,0,1,1,0,Đúng
An Khê,3,04/01/2016,Ba,428.01,4,--,4,--,4,4,0,1,1,0,Đúng
An Khê,5,04/01/2016,Ba,428.01,4,--,4,--,4,4,0,1,1,0,Đúng
An Khê,7,04/01/2016,Ba,428.01,5,--,6,--,6,6,0,1,1,0,Đúng
An Khê,9,04/01/2016,Ba,428.01,6,--,6,--,6,6,0,1,1,0,Đúng
An Khê,11,04/01/2016,Ba,428.01,6,--,6,--,6,6,0,1,1,0,Đúng
An Khê,13,04/01/2016,Ba,428.01,6,--,6,--,6,6,0,1,1,0,Đúng
An Khê,15,04/01/2016,Ba,428.01,6,--,6,--,6,6,0,1,1,0,Đúng
An Khê,17,04/01/2016,Ba,428.01,6,--,6,--,6,6,0,1,1,0,Đúng
An Khê,19,04/01/2016,Ba,428.01,6,--,6,--,6,6,0,1,1,0,Đúng
An Khê,21,04/01/2016,Ba,428.01,5,--,4,--,4,4,0,1,1,0,Đúng
An Khê,23,04/01/2016,Ba,428.01,4,--,4,--,4,4,0,1,1,0,Đúng
An Khê,1,05/01/2016,Ba,428.01,4,--,4,--,4,4,0,1,1,0,Đúng
An Khê,3,05/01/2016,Ba,428,1.85,--,4,--,4,4,0,1,1,0,Đúng
An Khê,5,05/01/2016,Ba,428,1.85,--,4,--,4,4,0,1,1,0,Đúng
An Khê,7,05/01/2016,Ba,428,5,--,6,--,6,6,0,1,1,0,Đúng
An Khê,9,05/01/2016,Ba,428,6,--,6,--,6,6,0,1,1,0,Đúng
An Khê,11,05/01/2016,Ba,428,6,--,6,--,6,6,0,1,1,0,Đúng
An Khê,13,05/01/2016,Ba,427.99,4.19,--,6,--,6,6,0,1,1,0,Đúng
An Khê,15,05/01/2016,Ba,427.99,4.19,--,6,--,6,6,0,1,1,0,Đúng
An Khê,17,05/01/2016,Ba,427.98,4.19,--,6,--,6,6,0,1,1,0,Đúng
An Khê,19,05/01/2016,Ba,427.98,4.19,--,6,--,6,6,0,1,1,0,Đúng
An Khê,21,05/01/2016,Ba,427.98,4.19,--,4,--,4,4,0,1,1,0,Đúng
An Khê,23,05/01/2016,Ba,427.97,2.19,--,4,--,4,4,0,1,1,0,Đúng
An Khê,1,06/01/2016,Ba,427.97,4,--,4,--,4,4,0,1,1,0,Đúng
An Khê,3,06/01/2016,Ba,427.97,4,--,4,--,4,4,0,1,1,0,Đúng
An Khê,5,06/01/2016,Ba,427.97,4,--,4,--,4,4,0,1,1,0,Đúng
An Khê,7,06/01/2016,Ba,427.96,3.19,--,6,--,6,6,0,1,1,0,Đúng
An Khê,9,06/01/2016,Ba,427.96,4.19,--,6,--,6,6,0,1,1,0,Đúng
An Khê,11,06/01/2016,Ba,427.95,4.19,--,6,--,6,6,0,1,1,0,Đúng
An Khê,13,06/01/2016,Ba,427.95,4.19,--,6,--,6,6,0,1,1,0,Đúng
An Khê,15,06/01/2016,Ba,427.94,4.19,--,6,--,6,6,0,1,1,0,Đúng
An Khê,17,06/01/2016,Ba,427.94,4.19,--,6,--,6,6,0,1,1,0,Đúng
An Khê,19,06/01/2016,Ba,427.93,4.19,--,6,--,6,6,0,1,1,0,Đúng
An Khê,21,06/01/2016,Ba,427.93,3.19,--,4,--,4,4,0,1,1,0,Đúng
An Khê,23,06/01/2016,Ba,427.93,4,--,4,--,4,4,0,1,1,0,Đúng
An Khê,1,07/01/2016,Ba,427.93,4,--,4,--,4,4,0,1,1,0,Đúng
An Khê,3,07/01/2016,Ba,427.93,4,--,4,--,4,4,0,1,1,0,Đúng
An Khê,5,07/01/2016,Ba,427.92,2.19,--,4,--,4,4,0,1,1,0,Đúng
An Khê,7,07/01/2016,Ba,427.92,3.19,--,6,--,6,6,0,1,1,0,Đúng
An Khê,9,07/01/2016,Ba,427.91,4.19,--,6,--,6,6,0,1,1,0,Đúng
An Khê,11,07/01/2016,Ba,427.91,4.19,--,6,--,6,6,0,1,1,0,Đúng
An Khê,13,07/01/2016,Ba,427.90,4.19,--,6,--,6,6,0,1,1,0,Đúng
An Khê,15,07/01/2016,Ba,427.90,4.19,--,6,--,6,6,0,1,1,0,Đúng
An Khê,17,07/01/2016,Ba,427.89,4.19,--,6,--,6,6,0,1,1,0,Đúng
An Khê,19,07/01/2016,Ba,427.89,4.19,--,6,--,6,6,0,1,1,0,Đúng
An Khê,21,07/01/2016,Ba,427.89,5,--,4,--,4,4,0,1,1,0,Đúng
An Khê,23,07/01/2016,Ba,427.88,2.19,--,4,--,4,4,0,1,1,0,Đúng
An Khê,1,08/01/2016,Ba,427.88,2.19,--,4,--,4,4,0,1,1,0,Đúng
An Khê,3,08/01/2016,Ba,427.88,4,--,4,--,4,4,0,1,1,0,Đúng
An Khê,5,08/01/2016,Ba,427.88,4,--,4,--,4,4,0,1,1,0,Đúng
An Khê,7,08/01/2016,Ba,427.87,3.19,--,6,--,6,6,0,1,1,0,Đúng
An Khê,9,08/01/2016,Ba,427.87,4.19,--,6,--,6,6,0,1,1,0,Đúng
An Khê,11,08/01/2016,Ba,427.86,4.19,--,6,--,6,6,0,1,1,0,Đúng
An Khê,13,08/01/2016,Ba,427.86,4.19,--,6,--,6,6,0,1,1,0,Đúng
An Khê,15,08/01/2016,Ba,427.85,4.19,--,6,--,6,6,0,1,1,0,Đúng
An Khê,17,08/01/2016,Ba,427.85,4.19,--,6,--,6,6,0,1,1,0,Đúng
An Khê,19,08/01/2016,Ba,427.84,4.19,--,6,--,6,6,0,1,1,0,Đúng
An Khê,21,08/01/2016,Ba,427.84,3.19,--,4,--,4,4,0,1,1,0,Đúng
An Khê,23,08/01/2016,Ba,427.83,2.19,--,4,--,4,4,0,1,1,0,Đúng
An Khê,1,09/01/2016,Ba,427.83,2.19,--,4,--,4,4,0,1,1,0,Đúng
An Khê,3,09/01/2016,Ba,427.83,4,--,4,--,4,4,0,1,1,0,Đúng
An Khê,5,09/01/2016,Ba,427.83,4,--,4,--,4,4,0,1,1,0,Đúng
An Khê,7,09/01/2016,Ba,427.82,3.19,--,6,--,6,6,0,1,1,0,Đúng
An Khê,9,09/01/2016,Ba,427.82,4.19,--,6,--,6,6,0,1,1,0,Đúng
An Khê,11,09/01/2016,Ba,427.82,6,--,6,--,6,6,0,1,1,0,Đúng
An Khê,13,09/01/2016,Ba,427.82,6,--,6,--,6,6,0,1,1,0,Đúng
An Khê,15,09/01/2016,Ba,427.82,6,--,6,--,6,6,0,1,1,0,Đúng
An Khê,17,09/01/2016,Ba,427.82,6,--,6,--,6,6,0,1,1,0,Đúng
An Khê,19,09/01/2016,Ba,427.82,6,--,6,--,6,6,0,1,1,0,Đúng
An Khê,21,09/01/2016,Ba,427.82,5,--,4,--,4,4,0,1,1,0,Đúng
An Khê,23,09/01/2016,Ba,427.82,4,--,4,--,4,4,0,1,1,0,Đúng
An Khê,1,10/01/2016,Ba,427.82,4,--,4,--,4,4,0,1,1,0,Đúng
An Khê,3,10/01/2016,Ba,427.82,4,--,4,--,4,4,0,1,1,0,Đúng
An Khê,5,10/01/2016,Ba,427.82,4,--,4,--,4,4,0,1,1,0,Đúng
An Khê,7,10/01/2016,Ba,427.82,5,--,4,--,6,4,-2,1,1,0,Không Đúng
An Khê,9,10/01/2016,Ba,427.82,6,--,6,--,6,6,0,1,1,0,Đúng
An Khê,11,10/01/2016,Ba,427.82,6,--,6,--,6,6,0,1,1,0,Đúng
An Khê,13,10/01/2016,Ba,427.81,4.19,--,6,--,6,6,0,1,1,0,Đúng
An Khê,15,10/01/2016,Ba,427.81,4.19,--,6,--,6,6,0,1,1,0,Đúng
An Khê,17,10/01/2016,Ba,427.81,6,--,6,--,6,6,0,1,1,0,Đúng
An Khê,19,10/01/2016,Ba,427.81,6,--,6,--,6,6,0,1,1,0,Đúng
An Khê,21,10/01/2016,Ba,427.81,5,--,4,--,4,4,0,1,1,0,Đúng
An Khê,23,10/01/2016,Ba,427.81,4,--,4,--,4,4,0,1,1,0,Đúng
An Khê,1,11/01/2016,Ba,427.81,4,--,4,--,4,4,0,1,1,0,Đúng
An Khê,3,11/01/2016,Ba,427.81,4,--,4,--,4,4,0,1,1,0,Đúng
An Khê,5,11/01/2016,Ba,427.81,4,--,4,--,4,4,0,1,1,0,Đúng
An Khê,7,11/01/2016,Ba,427.81,5,--,6,--,6,6,0,1,1,0,Đúng
An Khê,9,11/01/2016,Ba,427.81,6,--,6,--,6,6,0,1,1,0,Đúng
An Khê,11,11/01/2016,Ba,427.81,6,--,6,--,6,6,0,1,1,0,Đúng
An Khê,13,11/01/2016,Ba,427.81,6,--,6,--,6,6,0,1,1,0,Đúng
An Khê,15,11/01/2016,Ba,427.75,7.17,--,30,--,6,6,0,1,1,0,Đúng
An Khê,17,11/01/2016,Ba,427.70,4.14,--,6,--,6,6,0,1,1,0,Đúng
An Khê,19,11/01/2016,Ba,427.70,2.97,--,6,--,6,6,0,1,1,0,Đúng
An Khê,21,11/01/2016,Ba,427.70,5,--,4,--,4,4,0,1,1,0,Đúng
An Khê,23,11/01/2016,Ba,427.70,4,--,4,--,4,4,0,1,1,0,Đúng
An Khê,1,12/01/2016,Ba,427.70,4,--,4,--,4,4,0,1,1,0,Đúng
An Khê,3,12/01/2016,Ba,427.70,4,--,4,--,4,4,0,1,1,0,Đúng
An Khê,5,12/01/2016,Ba,427.70,4,--,4,--,4,4,0,1,1,0,Đúng
An Khê,7,12/01/2016,Ba,427.70,5,--,4,--,6,4,-2,1,1,0,Không Đúng
An Khê,9,12/01/2016,Ba,427.70,6,--,6,--,6,6,0,1,1,0,Đúng
An Khê,11,12/01/2016,Ba,427.70,6,--,6,--,6,6,0,1,1,0,Đúng
An Khê,13,12/01/2016,Ba,427.70,6,--,6,--,6,6,0,1,1,0,Đúng
An Khê,15,12/01/2016,Ba,427.69,4.19,--,6,--,6,6,0,1,1,0,Đúng
An Khê,17,12/01/2016,Ba,427.69,4.19,--,6,--,6,6,0,1,1,0,Đúng
An Khê,21,12/01/2016,Ba,427.69,5,--,4,--,4,4,0,1,1,0,Đúng
An Khê,23,12/01/2016,Ba,427.69,4,--,4,--,4,4,0,1,1,0,Đúng
An Khê,1,13/01/2016,Ba,427.69,4,--,4,--,4,4,0,1,1,0,Đúng
An Khê,3,13/01/2016,Ba,427.69,4,--,4,--,4,4,0,1,1,0,Đúng
An Khê,5,13/01/2016,Ba,427.69,4,--,4,--,4,4,0,1,1,0,Đúng
An Khê,7,13/01/2016,Ba,427.69,5,--,4,--,6,4,-2,1,1,0,Không Đúng
An Khê,9,13/01/2016,Ba,427.68,4.19,--,6,--,6,6,0,1,1,0,Đúng
An Khê,11,13/01/2016,Ba,427.68,4.19,--,6,--,6,6,0,1,1,0,Đúng
An Khê,13,13/01/2016,Ba,427.68,6,--,6,--,6,6,0,1,1,0,Đúng
An Khê,15,13/01/2016,Ba,427.68,6,--,6,--,6,6,0,1,1,0,Đúng
An Khê,17,13/01/2016,Ba,427.68,6,--,6,--,6,6,0,1,1,0,Đúng
An Khê,19,13/01/2016,Ba,427.68,6,--,6,--,6,6,0,1,1,0,Đúng
An Khê,21,13/01/2016,Ba,427.68,5,--,4,--,4,4,0,1,1,0,Đúng
An Khê,23,13/01/2016,Ba,427.68,4,--,4,--,4,4,0,1,1,0,Đúng
An Khê,1,14/01/2016,Ba,427.68,4,--,4,--,4,4,0,1,1,0,Đúng
An Khê,3,14/01/2016,Ba,427.68,4,--,4,--,4,4,0,1,1,0,Đúng
An Khê,5,14/01/2016,Ba,427.68,4,--,4,--,4,4,0,1,1,0,Đúng
An Khê,7,14/01/2016,Ba,427.68,5,--,6,--,6,6,0,1,1,0,Đúng
An Khê,9,14/01/2016,Ba,427.68,6,--,6,--,6,6,0,1,1,0,Đúng
An Khê,11,14/01/2016,Ba,427.68,6,--,6,--,6,6,0,1,1,0,Đúng
An Khê,13,14/01/2016,Ba,427.67,4.19,--,6,--,6,6,0,1,1,0,Đúng
An Khê,15,14/01/2016,Ba,427.67,4.19,--,6,--,6,6,0,1,1,0,Đúng
An Khê,17,14/01/2016,Ba,427.67,6,--,6,--,6,6,0,1,1,0,Đúng
An Khê,19,14/01/2016,Ba,427.67,6,--,6,--,6,6,0,1,1,0,Đúng
An Khê,21,14/01/2016,Ba,427.67,5,--,4,--,4,4,0,1,1,0,Đúng
An Khê,23,14/01/2016,Ba,427.67,4,--,4,--,4,4,0,1,1,0,Đúng
An Khê,0,15/01/2016,Ba,427.66,4.19,--,6,--,4,6,2,1,1,0,Đúng
An Khê,1,15/01/2016,Ba,427.67,4,--,4,--,4,4,0,1,1,0,Đúng
An Khê,3,15/01/2016,Ba,427.67,4,--,4,--,4,4,0,1,1,0,Đúng
An Khê,5,15/01/2016,Ba,427.67,4,--,4,--,4,4,0,1,1,0,Đúng
An Khê,7,15/01/2016,Ba,427.67,5,--,6,--,6,6,0,1,1,0,Đúng
An Khê,9,15/01/2016,Ba,427.67,6,--,6,--,6,6,0,1,1,0,Đúng
An Khê,11,15/01/2016,Ba,427.66,4.19,--,6,--,6,6,0,1,1,0,Đúng
An Khê,13,15/01/2016,Ba,427.66,4.19,--,6,--,6,6,0,1,1,0,Đúng
An Khê,15,15/01/2016,Ba,427.66,6,--,6,--,6,6,0,1,1,0,Đúng
An Khê,17,15/01/2016,Ba,427.66,6,--,6,--,6,6,0,1,1,0,Đúng
An Khê,19,15/01/2016,Ba,427.66,6,--,6,--,6,6,0,1,1,0,Đúng
An Khê,21,15/01/2016,Ba,427.66,5,--,6,--,4,6,2,1,1,0,Đúng
An Khê,23,15/01/2016,Ba,427.66,4,--,4,--,4,4,0,1,1,0,Đúng
An Khê,1,16/01/2016,Ba,427.66,4,--,4,--,4,4,0,1,1,0,Đúng
An Khê,3,16/01/2016,Ba,427.66,4,--,4,--,4,4,0,1,1,0,Đúng
An Khê,5,16/01/2016,Ba,427.65,2.19,--,4,--,4,4,0,1,1,0,Đúng
An Khê,7,16/01/2016,Ba,427.65,3.19,--,6,--,6,6,0,1,1,0,Đúng
An Khê,9,16/01/2016,Ba,427.65,6,--,6,--,6,6,0,1,1,0,Đúng
An Khê,11,16/01/2016,Ba,427.65,6,--,6,--,6,6,0,1,1,0,Đúng
An Khê,13,16/01/2016,Ba,427.65,6,--,6,--,6,6,0,1,1,0,Đúng
An Khê,15,16/01/2016,Ba,427.65,6,--,6,--,6,6,0,1,1,0,Đúng
An Khê,17,16/01/2016,Ba,427.64,4.19,--,6,--,6,6,0,1,1,0,Đúng
An Khê,19,16/01/2016,Ba,427.64,4.19,--,6,--,6,6,0,1,1,0,Đúng
An Khê,21,16/01/2016,Ba,427.64,5,--,4,--,4,4,0,1,1,0,Đúng
An Khê,23,16/01/2016,Ba,427.64,4,--,4,--,4,4,0,1,1,0,Đúng
An Khê,1,17/01/2016,Ba,427.63,2.19,--,4,--,4,4,0,1,1,0,Đúng
An Khê,3,17/01/2016,Ba,427.63,2.19,--,4,--,4,4,0,1,1,0,Đúng
An Khê,5,17/01/2016,Ba,427.63,2.19,--,4,--,4,4,0,1,1,0,Đúng
An Khê,7,17/01/2016,Ba,427.62,3.19,--,6,--,6,6,0,1,1,0,Đúng
An Khê,9,17/01/2016,Ba,427.61,4.19,--,6,--,6,6,0,1,1,0,Đúng
An Khê,11,17/01/2016,Ba,427.61,4.19,--,6,--,6,6,0,1,1,0,Đúng
An Khê,13,17/01/2016,Ba,427.61,6,--,6,--,6,6,0,1,1,0,Đúng
An Khê,15,17/01/2016,Ba,427.60,3.69,--,6,--,6,6,0,1,1,0,Đúng
An Khê,17,17/01/2016,Ba,427.60,0.89,--,6,--,6,6,0,1,1,0,Đúng
An Khê,19,17/01/2016,Ba,427.59,2.19,--,6,--,6,6,0,1,1,0,Đúng
An Khê,21,17/01/2016,Ba,427.59,2.19,--,4,--,4,4,0,1,1,0,Đúng
An Khê,23,17/01/2016,Ba,427.58,0.39,--,4,--,4,4,0,1,1,0,Đúng
An Khê,1,18/01/2016,Ba,427.57,0.39,--,4,--,4,4,0,1,1,0,Đúng
An Khê,3,18/01/2016,Ba,427.56,0.39,--,4,--,4,4,0,1,1,0,Đúng
An Khê,5,18/01/2016,Ba,427.55,0.39,--,4,--,4,4,0,1,1,0,Đúng
An Khê,9,18/01/2016,Ba,427.54,4.19,--,6,--,6,6,0,1,1,0,Đúng
An Khê,11,18/01/2016,Ba,427.54,4.19,--,6,--,6,6,0,1,1,0,Đúng
An Khê,13,18/01/2016,Ba,427.53,4.19,--,6,--,6,6,0,1,1,0,Đúng
An Khê,15,18/01/2016,Ba,427.53,4.19,--,6,--,6,6,0,1,1,0,Đúng
An Khê,17,18/01/2016,Ba,427.52,4.19,--,6,--,6,6,0,1,1,0,Đúng
An Khê,19,18/01/2016,Ba,427.52,4.19,--,6,--,6,6,0,1,1,0,Đúng
An Khê,21,18/01/2016,Ba,427.51,3.19,--,4,--,4,4,0,1,1,0,Đúng
An Khê,23,18/01/2016,Ba,427.51,2.19,--,4,--,4,4,0,1,1,0,Đúng
An Khê,1,19/01/2016,Ba,427.50,2.19,--,4,--,4,4,0,1,1,0,Đúng
An Khê,3,19/01/2016,Ba,427.50,2.19,--,4,--,4,4,0,1,1,0,Đúng
An Khê,5,19/01/2016,Ba,427.49,2.19,--,4,--,4,4,0,1,1,0,Đúng
An Khê,7,19/01/2016,Ba,427.49,3.33,--,6,--,6,6,0,1,1,0,Đúng
An Khê,9,19/01/2016,Ba,427.48,4.33,--,6,--,6,6,0,1,1,0,Đúng
An Khê,11,19/01/2016,Ba,427.48,4.33,--,6,--,6,6,0,1,1,0,Đúng
An Khê,13,19/01/2016,Ba,427.47,4.33,--,6,--,6,6,0,1,1,0,Đúng
An Khê,15,19/01/2016,Ba,427.47,4.33,--,6,--,6,6,0,1,1,0,Đúng
An Khê,9,20/01/2016,Ba,427.43,4.33,--,6,--,6,6,0,1,1,0,Đúng
An Khê,11,20/01/2016,Ba,427.42,4.33,--,6,--,6,6,0,1,1,0,Đúng
An Khê,13,20/01/2016,Ba,427.42,4.33,--,6,--,6,6,0,1,1,0,Đúng
An Khê,15,20/01/2016,Ba,427.41,4.33,--,6,--,6,6,0,1,1,0,Đúng
An Khê,17,20/01/2016,Ba,427.41,4.33,--,6,--,6,6,0,1,1,0,Đúng
An Khê,19,20/01/2016,Ba,427.40,4.33,--,6,--,6,6,0,1,1,0,Đúng
An Khê,21,20/01/2016,Ba,427.39,1.67,--,4,--,4,4,0,1,1,0,Đúng
An Khê,23,20/01/2016,Ba,427.39,2.33,--,4,--,4,4,0,1,1,0,Đúng
An Khê,1,21/01/2016,Ba,427.38,2.33,--,4,--,4,4,0,1,1,0,Đúng
An Khê,3,21/01/2016,Ba,427.38,2.33,--,4,--,4,4,0,1,1,0,Đúng
An Khê,5,21/01/2016,Ba,427.37,2.33,--,4,--,4,4,0,1,1,0,Đúng
An Khê,7,21/01/2016,Ba,427.37,3.33,--,6,--,6,6,0,1,1,0,Đúng
An Khê,9,21/01/2016,Ba,427.37,6,--,6,--,6,6,0,1,1,0,Đúng
An Khê,11,21/01/2016,Ba,427.37,6,--,6,--,6,6,0,1,1,0,Đúng
An Khê,13,21/01/2016,Ba,427.37,6,--,6,--,6,6,0,1,1,0,Đúng
An Khê,15,21/01/2016,Ba,427.37,6,--,6,--,6,6,0,1,1,0,Đúng
An Khê,17,21/01/2016,Ba,427.37,6,--,6,--,6,6,0,1,1,0,Đúng
An Khê,19,21/01/2016,Ba,427.36,4.33,--,6,--,6,6,0,1,1,0,Đúng
An Khê,21,21/01/2016,Ba,427.36,3.33,--,4,--,4,4,0,1,1,0,Đúng
An Khê,23,21/01/2016,Ba,427.35,2.33,--,4,--,4,4,0,1,1,0,Đúng
An Khê,1,22/01/2016,Ba,427.45,2.33,--,4,--,4,4,0,1,1,0,Đúng
An Khê,3,22/01/2016,Ba,427.34,2.33,--,4,--,4,4,0,1,1,0,Đúng
An Khê,5,22/01/2016,Ba,427.34,2.33,--,4,--,4,4,0,1,1,0,Đúng
An Khê,7,22/01/2016,Ba,427.33,3.33,--,6,--,6,6,0,1,1,0,Đúng
An Khê,9,22/01/2016,Ba,427.33,4.33,--,6,--,6,6,0,1,1,0,Đúng
An Khê,11,22/01/2016,Ba,427.32,4.33,--,6,--,6,6,0,1,1,0,Đúng
An Khê,13,22/01/2016,Ba,427.32,4.33,--,6,--,6,6,0,1,1,0,Đúng
An Khê,15,22/01/2016,Ba,427.31,4.33,--,6,--,6,6,0,1,1,0,Đúng
An Khê,17,22/01/2016,Ba,427.31,4.33,--,6,--,6,6,0,1,1,0,Đúng
An Khê,19,22/01/2016,Ba,427.30,4.33,--,6,--,6,6,0,1,1,0,Đúng
An Khê,21,22/01/2016,Ba,427.30,3.33,--,4,--,4,4,0,1,1,0,Đúng
An Khê,23,22/01/2016,Ba,427.29,2.33,--,4,--,4,4,0,1,1,0,Đúng
An Khê,1,23/01/2016,Ba,427.29,4,--,4,--,4,4,0,1,1,0,Đúng
An Khê,3,23/01/2016,Ba,427.28,2.33,--,4,--,4,4,0,1,1,0,Đúng
An Khê,5,23/01/2016,Ba,427.28,2.33,--,4,--,4,4,0,1,1,0,Đúng
An Khê,7,23/01/2016,Ba,427.27,3.33,--,6,--,6,6,0,1,1,0,Đúng
An Khê,9,23/01/2016,Ba,427.27,4.33,--,6,--,6,6,0,1,1,0,Đúng
An Khê,11,23/01/2016,Ba,427.26,4.33,--,6,--,6,6,0,1,1,0,Đúng
An Khê,13,23/01/2016,Ba,427.26,4.33,--,6,--,6,6,0,1,1,0,Đúng
An Khê,15,23/01/2016,Ba,427.25,4.33,--,6,--,6,6,0,1,1,0,Đúng
An Khê,19,23/01/2016,Ba,427.24,4.33,--,6,--,6,6,0,1,1,0,Đúng
An Khê,21,23/01/2016,Ba,427.24,3.33,--,4,--,4,4,0,1,1,0,Đúng
An Khê,23,23/01/2016,Ba,427.23,2.33,--,4,--,4,4,0,1,1,0,Đúng
An Khê,1,24/01/2016,Ba,427.23,2.33,--,4,--,4,4,0,1,1,0,Đúng
An Khê,3,24/01/2016,Ba,427.22,2.33,--,4,--,4,4,0,1,1,0,Đúng
An Khê,5,24/01/2016,Ba,427.22,2.33,--,4,--,4,4,0,1,1,0,Đúng
An Khê,7,24/01/2016,Ba,427.21,3.33,--,6,--,6,6,0,1,1,0,Đúng
An Khê,9,24/01/2016,Ba,427.21,4.33,--,6,--,6,6,0,1,1,0,Đúng
An Khê,11,24/01/2016,Ba,427.20,4.33,--,6,--,6,6,0,1,1,0,Đúng
An Khê,13,24/01/2016,Ba,427.20,4.33,--,6,--,6,6,0,1,1,0,Đúng
An Khê,15,24/01/2016,Ba,427.19,4.33,--,6,--,6,6,0,1,1,0,Đúng
An Khê,17,24/01/2016,Ba,427.19,4.33,--,6,--,6,6,0,1,1,0,Đúng
An Khê,19,24/01/2016,Ba,427.18,4.33,--,6,--,6,6,0,1,1,0,Đúng
An Khê,21,24/01/2016,Ba,427.18,3.33,--,4,--,4,4,0,1,1,0,Đúng
An Khê,23,24/01/2016,Ba,427.17,2.33,--,4,--,4,4,0,1,1,0,Đúng
An Khê,1,25/01/2016,Ba,427.17,2.33,--,4,--,4,4,0,1,1,0,Đúng
An Khê,3,25/01/2016,Ba,427.16,2.33,--,4,--,4,4,0,1,1,0,Đúng
An Khê,5,25/01/2016,Ba,427.16,2.33,--,4,--,4,4,0,1,1,0,Đúng
An Khê,7,25/01/2016,Ba,427.15,3.33,--,6,--,6,6,0,1,1,0,Đúng
An Khê,9,25/01/2016,Ba,427.15,4.33,--,6,--,6,6,0,1,1,0,Đúng
An Khê,11,25/01/2016,Ba,427.14,4.33,--,6,--,6,6,0,1,1,0,Đúng
An Khê,13,25/01/2016,Ba,427.14,4.33,--,6,--,6,6,0,1,1,0,Đúng
An Khê,15,25/01/2016,Ba,427.13,4.33,--,6,--,6,6,0,1,1,0,Đúng
An Khê,17,25/01/2016,Ba,427.13,4.33,--,6,--,6,6,0,1,1,0,Đúng
An Khê,19,25/01/2016,Ba,427.12,4.33,--,6,--,6,6,0,1,1,0,Đúng
An Khê,21,25/01/2016,Ba,427.12,3.33,--,4,--,4,4,0,1,1,0,Đúng
An Khê,23,25/01/2016,Ba,427.11,2.33,--,4,--,4,4,0,1,1,0,Đúng
An Khê,1,26/01/2016,Ba,427.11,2.33,--,4,--,4,4,0,1,1,0,Đúng
An Khê,3,26/01/2016,Ba,427.10,2.33,--,4,--,4,4,0,1,1,0,Đúng
An Khê,5,26/01/2016,Ba,427.10,2.33,--,4,--,4,4,0,1,1,0,Đúng
An Khê,7,26/01/2016,Ba,427.09,3.33,--,6,--,6,6,0,1,1,0,Đúng
An Khê,9,26/01/2016,Ba,427.09,4.33,--,6,--,6,6,0,1,1,0,Đúng
An Khê,11,26/01/2016,Ba,427.08,4.33,--,6,--,6,6,0,1,1,0,Đúng
An Khê,13,26/01/2016,Ba,427.08,4.33,--,6,--,6,6,0,1,1,0,Đúng
An Khê,15,26/01/2016,Ba,427.07,4.33,--,6,--,6,6,0,1,1,0,Đúng
An Khê,17,26/01/2016,Ba,427.07,4.33,--,6,--,6,6,0,1,1,0,Đúng
An Khê,19,26/01/2016,Ba,427.06,4.33,--,6,--,6,6,0,1,1,0,Đúng
An Khê,21,26/01/2016,Ba,427.06,3.33,--,4,--,4,4,0,1,1,0,Đúng
An Khê,23,26/01/2016,Ba,427.06,4,--,4,--,4,4,0,1,1,0,Đúng
An Khê,1,27/01/2016,Ba,427.05,2.33,--,4,--,4,4,0,1,1,0,Đúng
An Khê,3,27/01/2016,Ba,427.05,2.33,--,4,--,4,4,0,1,1,0,Đúng
An Khê,5,27/01/2016,Ba,427.05,2.33,--,4,--,4,4,0,1,1,0,Đúng
An Khê,7,27/01/2016,Ba,427.04,2.83,--,6,--,6,6,0,1,1,0,Đúng
An Khê,9,27/01/2016,Ba,427.04,3.83,--,6,--,6,6,0,1,1,0,Đúng
An Khê,11,27/01/2016,Ba,427.03,4.33,--,6,--,6,6,0,1,1,0,Đúng
An Khê,13,27/01/2016,Ba,427.03,4.33,--,6,--,6,6,0,1,1,0,Đúng
An Khê,15,27/01/2016,Ba,427.02,4.33,--,6,--,6,6,0,1,1,0,Đúng
An Khê,17,27/01/2016,Ba,427.02,4.33,--,6,--,6,6,0,1,1,0,Đúng
An Khê,19,27/01/2016,Ba,427.01,4.33,--,6,--,6,6,0,1,1,0,Đúng
An Khê,21,27/01/2016,Ba,427.01,3.33,--,4,--,4,4,0,1,1,0,Đúng
An Khê,23,27/01/2016,Ba,427.01,4,--,4,--,4,4,0,1,1,0,Đúng
An Khê,1,28/01/2016,Ba,427.01,4,--,4,--,4,4,0,1,1,0,Đúng
An Khê,3,28/01/2016,Ba,427,2.33,--,4,--,4,4,0,1,1,0,Đúng
An Khê,5,28/01/2016,Ba,427,2.33,--,4,--,4,4,0,1,1,0,Đúng
An Khê,7,28/01/2016,Ba,426.99,3.47,--,6,--,6,6,0,1,1,0,Đúng
An Khê,9,28/01/2016,Ba,426.99,4.47,--,6,--,6,6,0,1,1,0,Đúng
An Khê,11,28/01/2016,Ba,426.98,4.47,--,6,--,6,6,0,1,1,0,Đúng
An Khê,13,28/01/2016,Ba,426.98,4.47,--,6,--,6,6,0,1,1,0,Đúng
An Khê,15,28/01/2016,Ba,426.97,4.47,--,6,--,6,6,0,1,1,0,Đúng
An Khê,17,28/01/2016,Ba,426.96,2.94,--,6,--,6,6,0,1,1,0,Đúng
An Khê,19,28/01/2016,Ba,426.96,4.47,--,6,--,6,6,0,1,1,0,Đúng
An Khê,23,28/01/2016,Ba,426.95,2.47,--,4,--,4,4,0,1,1,0,Đúng
An Khê,1,29/01/2016,Ba,426.94,2.47,--,4,--,4,4,0,1,1,0,Đúng
An Khê,3,29/01/2016,Ba,426.94,2.47,--,4,--,4,4,0,1,1,0,Đúng
An Khê,5,29/01/2016,Ba,426.93,2.47,--,4,--,4,4,0,1,1,0,Đúng
An Khê,7,29/01/2016,Ba,426.93,3.47,--,6,--,6,6,0,1,1,0,Đúng
An Khê,9,29/01/2016,Ba,426.92,4.47,--,6,--,6,6,0,1,1,0,Đúng
An Khê,11,29/01/2016,Ba,426.92,4.47,--,6,--,6,6,0,1,1,0,Đúng
An Khê,13,29/01/2016,Ba,426.91,4.47,--,6,--,6,6,0,1,1,0,Đúng
An Khê,15,29/01/2016,Ba,426.90,2.94,--,6,--,6,6,0,1,1,0,Đúng
An Khê,17,29/01/2016,Ba,426.90,4.47,--,6,--,6,6,0,1,1,0,Đúng
An Khê,19,29/01/2016,Ba,426.89,4.47,--,6,--,6,6,0,1,1,0,Đúng
An Khê,21,29/01/2016,Ba,426.89,3.47,--,4,--,4,4,0,1,1,0,Đúng
An Khê,23,29/01/2016,Ba,426.88,2.47,--,4,--,4,4,0,1,1,0,Đúng
An Khê,1,30/01/2016,Ba,426.88,2.47,--,4,--,4,4,0,1,1,0,Đúng
An Khê,3,30/01/2016,Ba,426.87,2.47,--,4,--,4,4,0,1,1,0,Đúng
An Khê,5,30/01/2016,Ba,426.87,2.47,--,4,--,4,4,0,1,1,0,Đúng
An Khê,7,30/01/2016,Ba,426.86,3.47,--,6,--,6,6,0,1,1,0,Đúng
An Khê,9,30/01/2016,Ba,426.86,4.47,--,6,--,6,6,0,1,1,0,Đúng
An Khê,11,30/01/2016,Ba,426.85,4.47,--,6,--,6,6,0,1,1,0,Đúng
An Khê,13,30/01/2016,Ba,426.85,4.47,--,6,--,6,6,0,1,1,0,Đúng
An Khê,15,30/01/2016,Ba,426.84,4.47,--,6,--,6,6,0,1,1,0,Đúng
An Khê,17,30/01/2016,Ba,426.84,4.47,--,6,--,6,6,0,1,1,0,Đúng
An Khê,19,30/01/2016,Ba,426.83,4.47,--,6,--,6,6,0,1,1,0,Đúng
An Khê,21,30/01/2016,Ba,426.83,3.47,--,4,--,4,4,0,1,1,0,Đúng
An Khê,23,30/01/2016,Ba,426.82,2.47,--,4,--,4,4,0,1,1,0,Đúng
An Khê,1,31/01/2016,Ba,426.82,2.47,--,4,--,4,4,0,1,1,0,Đúng
An Khê,3,31/01/2016,Ba,426.82,4,--,4,--,4,4,0,1,1,0,Đúng
An Khê,5,31/01/2016,Ba,426.81,2.47,--,4,--,4,4,0,1,1,0,Đúng
An Khê,7,31/01/2016,Ba,426.81,3.47,--,6,--,6,6,0,1,1,0,Đúng
An Khê,9,31/01/2016,Ba,426.80,4.47,--,6,--,6,6,0,1,1,0,Đúng
An Khê,11,31/01/2016,Ba,426.80,4.47,--,6,--,6,6,0,1,1,0,Đúng
An Khê,13,31/01/2016,Ba,426.79,4.47,--,6,--,6,6,0,1,1,0,Đúng
An Khê,15,31/01/2016,Ba,426.79,4.47,--,6,--,6,6,0,1,1,0,Đúng
An Khê,17,31/01/2016,Ba,426.78,4.47,--,6,--,6,6,0,1,1,0,Đúng
An Khê,19,31/01/2016,Ba,426.78,4.47,--,6,--,6,6,0,1,1,0,Đúng
An Khê,9,01/02/2016,Ba,426.75,6,--,6,--,6,6,0,1,1,0,Đúng
An Khê,11,01/02/2016,Ba,426.75,6,--,6,--,6,6,0,1,1,0,Đúng
An Khê,13,01/02/2016,Ba,426.75,6,--,6,--,6,6,0,1,1,0,Đúng
An Khê,15,01/02/2016,Ba,426.75,6,--,6,--,6,6,0,1,1,0,Đúng
An Khê,17,01/02/2016,Ba,426.74,4.47,--,6,--,6,6,0,1,1,0,Đúng
An Khê,19,01/02/2016,Ba,426.74,4.47,--,6,--,6,6,0,1,1,0,Đúng
An Khê,21,01/02/2016,Ba,426.74,5,--,4,--,4,4,0,1,1,0,Đúng
An Khê,23,01/02/2016,Ba,426.74,4,--,4,--,4,4,0,1,1,0,Đúng
An Khê,1,02/02/2016,Ba,426.74,4,--,4,--,4,4,0,1,1,0,Đúng
An Khê,3,02/02/2016,Ba,426.73,2.47,--,4,--,4,4,0,1,1,0,Đúng
An Khê,5,02/02/2016,Ba,426.73,2.47,--,4,--,4,4,0,1,1,0,Đúng
An Khê,7,02/02/2016,Ba,426.73,5,--,6,--,6,6,0,1,1,0,Đúng
An Khê,9,02/02/2016,Ba,426.73,6,--,6,--,6,6,0,1,1,0,Đúng
An Khê,11,02/02/2016,Ba,426.72,4.47,--,6,--,6,6,0,1,1,0,Đúng
An Khê,13,02/02/2016,Ba,426.72,4.47,--,6,--,6,6,0,1,1,0,Đúng
An Khê,15,02/02/2016,Ba,426.72,6,--,6,--,6,6,0,1,1,0,Đúng
An Khê,17,02/02/2016,Ba,426.72,6,--,6,--,6,6,0,1,1,0,Đúng
An Khê,19,02/02/2016,Ba,426.72,6,--,6,--,6,6,0,1,1,0,Đúng
An Khê,21,02/02/2016,Ba,426.72,5,--,4,--,4,4,0,1,1,0,Đúng
An Khê,23,02/02/2016,Ba,426.72,4,--,4,--,4,4,0,1,1,0,Đúng
An Khê,1,03/02/2016,Ba,4526.72,4,--,4,--,4,4,0,1,1,0,Đúng
An Khê,3,03/02/2016,Ba,426.72,4,--,4,--,4,4,0,1,1,0,Đúng
An Khê,5,03/02/2016,Ba,426.72,4,--,4,--,4,4,0,1,1,0,Đúng
An Khê,7,03/02/2016,Ba,426.72,5,--,6,--,6,6,0,1,1,0,Đúng
An Khê,9,03/02/2016,Ba,426.71,4.47,--,6,--,6,6,0,1,1,0,Đúng
An Khê,11,03/02/2016,Ba,426.71,4.47,--,6,--,6,6,0,1,1,0,Đúng
An Khê,13,03/02/2016,Ba,426.70,4.47,--,6,--,6,6,0,1,1,0,Đúng
An Khê,15,03/02/2016,Ba,426.70,4.47,--,6,--,6,6,0,1,1,0,Đúng
An Khê,17,03/02/2016,Ba,426.70,6,--,6,--,6,6,0,1,1,0,Đúng
An Khê,19,03/02/2016,Ba,426.69,4.47,--,6,--,6,6,0,1,1,0,Đúng
An Khê,21,03/02/2016,Ba,426.69,3.47,--,4,--,4,4,0,1,1,0,Đúng
An Khê,23,03/02/2016,Ba,426.69,4,--,4,--,4,4,0,1,1,0,Đúng
An Khê,1,04/02/2016,Ba,426.69,4,--,4,--,4,4,0,1,1,0,Đúng
An Khê,3,04/02/2016,Ba,426.69,4,--,4,--,4,4,0,1,1,0,Đúng
An Khê,5,04/02/2016,Ba,426.69,4.50,--,4,--,4,4,0,1,1,0,Đúng
An Khê,7,04/02/2016,Ba,426.68,3.47,--,6,--,6,6,0,1,1,0,Đúng
An Khê,9,04/02/2016,Ba,426.68,4.47,--,6,--,6,6,0,1,1,0,Đúng
An Khê,11,04/02/2016,Ba,426.68,6,--,6,--,6,6,0,1,1,0,Đúng
An Khê,13,04/02/2016,Ba,426.68,6,--,6,--,6,6,0,1,1,0,Đúng
An Khê,15,04/02/2016,Ba,426.67,4.47,--,6,--,6,6,0,1,1,0,Đúng
An Khê,17,04/02/2016,Ba,426.67,4.47,--,6,--,6,6,0,1,1,0,Đúng
An Khê,19,04/02/2016,Ba,426.67,6,--,6,--,6,6,0,1,1,0,Đúng
An Khê,1,05/02/2016,Ba,426.67,4,--,4,--,4,4,0,1,1,0,Đúng
An Khê,3,05/02/2016,Ba,426.66,2.47,--,4,--,4,4,0,1,1,0,Đúng
An Khê,5,05/02/2016,Ba,426.66,2.47,--,4,--,4,4,0,1,1,0,Đúng
An Khê,7,05/02/2016,Ba,426.66,5,--,6,--,6,6,0,1,1,0,Đúng
An Khê,9,05/02/2016,Ba,426.66,6,--,6,--,6,6,0,1,1,0,Đúng
An Khê,11,05/02/2016,Ba,426.66,6,--,6,--,6,6,0,1,1,0,Đúng
An Khê,13,05/02/2016,Ba,426.66,6,--,6,--,6,6,0,1,1,0,Đúng
An Khê,15,05/02/2016,Ba,426.65,4.47,--,6,--,6,6,0,1,1,0,Đúng
An Khê,17,05/02/2016,Ba,426.65,4.47,--,6,--,6,6,0,1,1,0,Đúng
An Khê,19,05/02/2016,Ba,426.65,6,--,6,--,6,6,0,1,1,0,Đúng
An Khê,21,05/02/2016,Ba,426.65,5,--,4,--,4,4,0,1,1,0,Đúng
An Khê,23,05/02/2016,Ba,426.65,4,--,4,--,4,4,0,1,1,0,Đúng
An Khê,1,06/02/2016,Ba,426.65,4,--,4,--,4,4,0,1,1,0,Đúng
An Khê,3,06/02/2016,Ba,426.64,2.47,--,4,--,4,4,0,1,1,0,Đúng
An Khê,5,06/02/2016,Ba,426.64,2.47,--,4,--,4,4,0,1,1,0,Đúng
An Khê,7,06/02/2016,Ba,426.64,5,--,6,--,6,6,0,1,1,0,Đúng
An Khê,9,06/02/2016,Ba,426.63,4.47,--,6,--,6,6,0,1,1,0,Đúng
An Khê,11,06/02/2016,Ba,426.63,4.47,--,6,--,6,6,0,1,1,0,Đúng
An Khê,13,06/02/2016,Ba,426.63,6,--,6,--,6,6,0,1,1,0,Đúng
An Khê,15,06/02/2016,Ba,426.63,6,--,6,--,6,6,0,1,1,0,Đúng
An Khê,17,06/02/2016,Ba,426.63,6,--,6,--,6,6,0,1,1,0,Đúng
An Khê,19,06/02/2016,Ba,426.62,4.47,--,6,--,6,6,0,1,1,0,Đúng
An Khê,21,06/02/2016,Ba,426.62,3.47,--,4,--,4,4,0,1,1,0,Đúng
An Khê,23,06/02/2016,Ba,426.62,4,--,4,--,4,4,0,1,1,0,Đúng
An Khê,1,07/02/2016,Ba,426.62,4,--,4,--,4,4,0,1,1,0,Đúng
An Khê,3,07/02/2016,Ba,426.62,4,--,4,--,4,4,0,1,1,0,Đúng
An Khê,5,07/02/2016,Ba,426.61,2.47,--,4,--,4,4,0,1,1,0,Đúng
An Khê,7,07/02/2016,Ba,426.61,3.47,--,6,--,6,6,0,1,1,0,Đúng
An Khê,9,07/02/2016,Ba,426.60,4.47,--,6,--,6,6,0,1,1,0,Đúng
An Khê,11,07/02/2016,Ba,426.60,4.47,--,6,--,6,6,0,1,1,0,Đúng
An Khê,13,07/02/2016,Ba,426.60,6,--,6,--,6,6,0,1,1,0,Đúng
An Khê,15,07/02/2016,Ba,426.59,4.47,--,6,--,6,6,0,1,1,0,Đúng
An Khê,17,07/02/2016,Ba,426.59,4.47,--,6,--,6,6,0,1,1,0,Đúng
An Khê,19,07/02/2016,Ba,426.59,6,--,6,--,6,6,0,1,1,0,Đúng
An Khê,21,07/02/2016,Ba,426.58,3.47,--,4,--,4,4,0,1,1,0,Đúng
An Khê,23,07/02/2016,Ba,426.58,2.47,--,4,--,4,4,0,1,1,0,Đúng
An Khê,1,08/02/2016,Ba,426.58,4,--,4,--,4,4,0,1,1,0,Đúng
An Khê,3,08/02/2016,Ba,426.58,4,--,4,--,4,4,0,1,1,0,Đúng
An Khê,5,08/02/2016,Ba,426.57,2.47,--,4,--,4,4,0,1,1,0,Đúng
An Khê,7,08/02/2016,Ba,426.57,3.47,--,6,--,6,6,0,1,1,0,Đúng
An Khê,9,08/02/2016,Ba,426.57,6,--,6,--,6,6,0,1,1,0,Đúng
An Khê,11,08/02/2016,Ba,426.56,4.47,--,6,--,6,6,0,1,1,0,Đúng
An Khê,13,08/02/2016,Ba,426.56,4.47,--,6,--,6,6,0,1,1,0,Đúng
An Khê,15,08/02/2016,Ba,426.56,6,--,6,--,6,6,0,1,1,0,Đúng
An Khê,17,08/02/2016,Ba,426.55,4.47,--,6,--,6,6,0,1,1,0,Đúng
An Khê,19,08/02/2016,Ba,426.55,4.47,--,6,--,6,6,0,1,1,0,Đúng
An Khê,1,09/02/2016,Ba,426.54,4,--,4,--,4,4,0,1,1,0,Đúng
An Khê,3,09/02/2016,Ba,426.53,2.47,--,4,--,4,4,0,1,1,0,Đúng
An Khê,5,09/02/2016,Ba,426.53,2.47,--,4,--,4,4,0,1,1,0,Đúng
An Khê,7,09/02/2016,Ba,426.53,5,--,6,--,6,6,0,1,1,0,Đúng
An Khê,9,09/02/2016,Ba,426.52,4.47,--,6,--,6,6,0,1,1,0,Đúng
An Khê,11,09/02/2016,Ba,426.51,2.94,--,6,--,6,6,0,1,1,0,Đúng
An Khê,13,09/02/2016,Ba,426.51,4.47,--,6,--,6,6,0,1,1,0,Đúng
An Khê,15,09/02/2016,Ba,426.50,4.47,--,6,--,6,6,0,1,1,0,Đúng
An Khê,17,09/02/2016,Ba,426.49,3.08,--,6,--,6,6,0,1,1,0,Đúng
An Khê,19,09/02/2016,Ba,426.49,4.61,--,6,--,6,6,0,1,1,0,Đúng
An Khê,21,09/02/2016,Ba,426.48,3.61,--,4,--,4,4,0,1,1,0,Đúng
An Khê,23,09/02/2016,Ba,426.47,1.22,--,4,--,4,4,0,1,1,0,Đúng
An Khê,1,10/02/2016,Ba,427.47,2.61,--,4,--,4,4,0,1,1,0,Đúng
An Khê,3,10/02/2016,Ba,426.46,2.61,--,4,--,4,4,0,1,1,0,Đúng
An Khê,5,10/02/2016,Ba,426.46,2.61,--,6,--,4,6,2,1,1,0,Đúng
An Khê,7,10/02/2016,Ba,426.45,3.61,--,6,--,6,6,0,1,1,0,Đúng
An Khê,9,10/02/2016,Ba,426.45,4.61,--,6,--,6,6,0,1,1,0,Đúng
An Khê,11,10/02/2016,Ba,426.44,4.61,--,4,--,6,4,-2,1,1,0,Không Đúng
An Khê,13,10/02/2016,Ba,426.43,3.22,--,6,--,6,6,0,1,1,0,Đúng
An Khê,15,10/02/2016,Ba,426.43,4.61,--,6,--,6,6,0,1,1,0,Đúng
An Khê,17,10/02/2016,Ba,426.42,4.61,--,6,--,6,6,0,1,1,0,Đúng
An Khê,19,10/02/2016,Ba,426.41,3.22,--,6,--,6,6,0,1,1,0,Đúng
An Khê,21,10/02/2016,Ba,426.41,4.61,--,4,--,4,4,0,1,1,0,Đúng
An Khê,23,10/02/2016,Ba,426.40,2.61,--,4,--,4,4,0,1,1,0,Đúng
An Khê,1,11/02/2016,Ba,426.40,2.61,--,4,--,4,4,0,1,1,0,Đúng
An Khê,3,11/02/2016,Ba,426.40,4,--,4,--,4,4,0,1,1,0,Đúng
An Khê,5,11/02/2016,Ba,426.39,2.61,--,4,--,4,4,0,1,1,0,Đúng
An Khê,7,11/02/2016,Ba,426.39,3.61,--,6,--,6,6,0,1,1,0,Đúng
An Khê,9,11/02/2016,Ba,426.38,4.61,--,6,--,6,6,0,1,1,0,Đúng
An Khê,11,11/02/2016,Ba,426.38,4.61,--,6,--,6,6,0,1,1,0,Đúng
An Khê,13,11/02/2016,Ba,426.37,4.61,--,6,--,6,6,0,1,1,0,Đúng
An Khê,15,11/02/2016,Ba,426.37,4.61,--,6,--,6,6,0,1,1,0,Đúng
An Khê,17,11/02/2016,Ba,426.36,4.61,--,6,--,6,6,0,1,1,0,Đúng
An Khê,19,11/02/2016,Ba,426.36,5,--,6,--,6,6,0,1,1,0,Đúng
An Khê,21,11/02/2016,Ba,426.36,5,--,4,--,4,4,0,1,1,0,Đúng
An Khê,23,11/02/2016,Ba,426.35,2.61,--,4,--,4,4,0,1,1,0,Đúng
An Khê,1,12/02/2016,Ba,426.35,2.61,--,4,--,4,4,0,1,1,0,Đúng
An Khê,3,12/02/2016,Ba,426.34,2.61,--,4,--,4,4,0,1,1,0,Đúng
An Khê,5,12/02/2016,Ba,426.34,2.61,--,4,--,4,4,0,1,1,0,Đúng
An Khê,7,12/02/2016,Ba,426.33,3.61,--,6,--,6,6,0,1,1,0,Đúng
An Khê,9,12/02/2016,Ba,426.33,4.61,--,6,--,6,6,0,1,1,0,Đúng
An Khê,11,12/02/2016,Ba,426.32,4.61,--,6,--,6,6,0,1,1,0,Đúng
An Khê,13,12/02/2016,Ba,426.32,4.61,--,6,--,6,6,0,1,1,0,Đúng
An Khê,15,12/02/2016,Ba,426.31,4.61,--,6,--,6,6,0,1,1,0,Đúng
An Khê,17,12/02/2016,Ba,426.31,4.61,--,6,--,6,6,0,1,1,0,Đúng
An Khê,19,12/02/2016,Ba,426.30,4.61,--,6,--,6,6,0,1,1,0,Đúng
An Khê,21,12/02/2016,Ba,426.30,3.61,--,4,--,4,4,0,1,1,0,Đúng
An Khê,23,12/02/2016,Ba,426.29,2.61,--,4,--,4,4,0,1,1,0,Đúng
An Khê,1,13/02/2016,Ba,426.29,2.61,--,4,--,4,4,0,1,1,0,Đúng
An Khê,3,13/02/2016,Ba,426.28,2.61,--,4,--,4,4,0,1,1,0,Đúng
An Khê,5,13/02/2016,Ba,426.28,2.61,--,4,--,4,4,0,1,1,0,Đúng
An Khê,7,13/02/2016,Ba,426.27,3.61,--,6,--,6,6,0,1,1,0,Đúng
An Khê,9,13/02/2016,Ba,426.27,4.61,--,6,--,6,6,0,1,1,0,Đúng
An Khê,11,13/02/2016,Ba,426.26,4.61,--,6,--,6,6,0,1,1,0,Đúng
An Khê,13,13/02/2016,Ba,426.26,4.61,--,6,--,6,6,0,1,1,0,Đúng
An Khê,15,13/02/2016,Ba,426.25,4.61,--,6,--,6,6,0,1,1,0,Đúng
An Khê,17,13/02/2016,Ba,426.25,4.61,--,6,--,6,6,0,1,1,0,Đúng
An Khê,19,13/02/2016,Ba,426.24,4.61,--,6,--,6,6,0,1,1,0,Đúng
An Khê,21,13/02/2016,Ba,426.24,3.61,--,4,--,4,4,0,1,1,0,Đúng
An Khê,23,13/02/2016,Ba,426.23,2.61,--,4,--,4,4,0,1,1,0,Đúng
An Khê,1,14/02/2016,Ba,426.23,2.61,--,4,--,4,4,0,1,1,0,Đúng
An Khê,3,14/02/2016,Ba,426.22,2.61,--,4,--,4,4,0,1,1,0,Đúng
An Khê,5,14/02/2016,Ba,426.22,2.61,--,4,--,4,4,0,1,1,0,Đúng
An Khê,7,14/02/2016,Ba,426.21,3.61,--,6,--,6,6,0,1,1,0,Đúng
An Khê,9,14/02/2016,Ba,426.21,4.61,--,6,--,6,6,0,1,1,0,Đúng
An Khê,11,14/02/2016,Ba,426.20,4.61,--,6,--,6,6,0,1,1,0,Đúng
An Khê,13,14/02/2016,Ba,426.20,4.61,--,6,--,6,6,0,1,1,0,Đúng
An Khê,15,14/02/2016,Ba,426.19,4.61,--,6,--,6,6,0,1,1,0,Đúng
An Khê,17,14/02/2016,Ba,426.19,4.61,--,6,--,6,6,0,1,1,0,Đúng
An Khê,19,14/02/2016,Ba,426.18,4.61,--,6,--,6,6,0,1,1,0,Đúng
An Khê,21,14/02/2016,Ba,426.18,3.61,--,4,--,4,4,0,1,1,0,Đúng
An Khê,23,14/02/2016,Ba,426.17,2.61,--,4,--,4,4,0,1,1,0,Đúng
An Khê,1,15/02/2016,Ba,426.17,2.61,--,4,--,4,4,0,1,1,0,Đúng
An Khê,3,15/02/2016,Ba,426.16,2.61,--,4,--,4,4,0,1,1,0,Đúng
An Khê,5,15/02/2016,Ba,426.16,2.61,--,4,--,4,4,0,1,1,0,Đúng
An Khê,7,15/02/2016,Ba,426.15,3.61,--,6,--,6,6,0,1,1,0,Đúng
An Khê,9,15/02/2016,Ba,426.15,4.61,--,6,--,6,6,0,1,1,0,Đúng
An Khê,11,15/02/2016,Ba,426.14,4.61,--,6,--,6,6,0,1,1,0,Đúng
An Khê,13,15/02/2016,Ba,426.14,4.61,--,6,--,6,6,0,1,1,0,Đúng
An Khê,15,15/02/2016,Ba,426.13,4.61,--,6,--,6,6,0,1,1,0,Đúng
An Khê,17,15/02/2016,Ba,426.13,4.61,--,6,--,6,6,0,1,1,0,Đúng
An Khê,19,15/02/2016,Ba,426.12,4.61,--,6,--,6,6,0,1,1,0,Đúng
An Khê,21,15/02/2016,Ba,426.12,3.61,--,4,--,4,4,0,1,1,0,Đúng
An Khê,23,15/02/2016,Ba,426.11,2.61,--,4,--,4,4,0,1,1,0,Đúng
An Khê,1,16/02/2016,Ba,426.11,2.61,--,4,--,4,4,0,1,1,0,Đúng
An Khê,3,16/02/2016,Ba,426.10,2.61,--,4,--,4,4,0,1,1,0,Đúng
An Khê,5,16/02/2016,Ba,426.10,2.61,--,4,--,4,4,0,1,1,0,Đúng
An Khê,7,16/02/2016,Ba,426.09,3.61,--,6,--,6,6,0,1,1,0,Đúng
An Khê,9,16/02/2016,Ba,426.09,4.61,--,6,--,6,6,0,1,1,0,Đúng
An Khê,11,16/02/2016,Ba,426.08,4.61,--,6,--,6,6,0,1,1,0,Đúng
An Khê,13,16/02/2016,Ba,426.08,4.61,--,6,--,6,6,0,1,1,0,Đúng
An Khê,15,16/02/2016,Ba,426.07,4.61,--,6,--,6,6,0,1,1,0,Đúng
An Khê,17,16/02/2016,Ba,426.07,4.61,--,6,--,6,6,0,1,1,0,Đúng
An Khê,19,16/02/2016,Ba,426.06,4.61,--,6,--,6,6,0,1,1,0,Đúng
An Khê,21,16/02/2016,Ba,426.06,3.61,--,4,--,4,4,0,1,1,0,Đúng
An Khê,23,16/02/2016,Ba,426.05,2.61,--,4,--,4,4,0,1,1,0,Đúng
An Khê,1,17/02/2016,Ba,426.05,2.61,--,4,--,4,4,0,1,1,0,Đúng
An Khê,3,17/02/2016,Ba,426.04,2.61,--,4,--,4,4,0,1,1,0,Đúng
An Khê,5,17/02/2016,Ba,426.04,2.61,--,4,--,4,4,0,1,1,0,Đúng
An Khê,7,17/02/2016,Ba,426.03,3.61,--,6,--,6,6,0,1,1,0,Đúng
An Khê,9,17/02/2016,Ba,426.03,4.61,--,6,--,6,6,0,1,1,0,Đúng
An Khê,11,17/02/2016,Ba,426.02,4.61,--,6,--,6,6,0,1,1,0,Đúng
An Khê,13,17/02/2016,Ba,426.02,4.61,--,6,--,6,6,0,1,1,0,Đúng
An Khê,15,17/02/2016,Ba,426.01,4.61,--,6,--,6,6,0,1,1,0,Đúng
An Khê,17,17/02/2016,Ba,426.01,4.61,--,6,--,6,6,0,1,1,0,Đúng
An Khê,19,17/02/2016,Ba,426,4.61,--,6,--,6,6,0,1,1,0,Đúng
An Khê,21,17/02/2016,Ba,426,3.61,--,4,--,4,4,0,1,1,0,Đúng
An Khê,23,17/02/2016,Ba,425.99,2.64,--,4,--,4,4,0,1,1,0,Đúng
An Khê,1,18/02/2016,Ba,425.99,2.64,--,4,--,4,4,0,1,1,0,Đúng
An Khê,3,18/02/2016,Ba,425.98,2.64,--,4,--,4,4,0,1,1,0,Đúng
An Khê,5,18/02/2016,Ba,425.98,2.64,--,4,--,4,4,0,1,1,0,Đúng
An Khê,7,18/02/2016,Ba,425.97,3.64,--,6,--,6,6,0,1,1,0,Đúng
An Khê,1,19/02/2016,Ba,425.93,2.64,--,4,--,4,4,0,1,1,0,Đúng
An Khê,3,19/02/2016,Ba,425.92,2.64,--,4,--,4,4,0,1,1,0,Đúng
An Khê,5,19/02/2016,Ba,425.92,2.64,--,4,--,4,4,0,1,1,0,Đúng
An Khê,7,19/02/2016,Ba,425.91,3.64,--,6,--,6,6,0,1,1,0,Đúng
An Khê,9,19/02/2016,Ba,425.91,4.64,--,6,--,6,6,0,1,1,0,Đúng
An Khê,11,19/02/2016,Ba,425.90,4.64,--,6,--,6,6,0,1,1,0,Đúng
An Khê,13,19/02/2016,Ba,425.90,4.64,--,6,--,6,6,0,1,1,0,Đúng
An Khê,15,19/02/2016,Ba,425.89,4.64,--,6,--,6,6,0,1,1,0,Đúng
An Khê,17,19/02/2016,Ba,425.89,4.64,--,6,--,6,6,0,1,1,0,Đúng
An Khê,19,19/02/2016,Ba,425.88,4.64,--,6,--,6,6,0,1,1,0,Đúng
An Khê,21,19/02/2016,Ba,425.88,3.64,--,4,--,4,4,0,1,1,0,Đúng
An Khê,23,19/02/2016,Ba,425.87,2.64,--,4,--,4,4,0,1,1,0,Đúng
An Khê,1,20/02/2016,Ba,425.87,2.64,--,4,--,4,4,0,1,1,0,Đúng
An Khê,3,20/02/2016,Ba,425.86,2.64,--,4,--,4,4,0,1,1,0,Đúng
An Khê,5,20/02/2016,Ba,425.86,2.64,--,4,--,4,4,0,1,1,0,Đúng
An Khê,7,20/02/2016,Ba,425.85,3.64,--,6,--,6,6,0,1,1,0,Đúng
An Khê,9,20/02/2016,Ba,425.85,4.64,--,6,--,6,6,0,1,1,0,Đúng
An Khê,11,20/02/2016,Ba,425.84,4.64,--,6,--,6,6,0,1,1,0,Đúng
An Khê,13,20/02/2016,Ba,425.84,4.64,--,6,--,6,6,0,1,1,0,Đúng
An Khê,15,20/02/2016,Ba,425.83,4.64,--,6,--,6,6,0,1,1,0,Đúng
An Khê,17,20/02/2016,Ba,425.83,4.64,--,6,--,6,6,0,1,1,0,Đúng
An Khê,19,20/02/2016,Ba,425.82,4.64,--,6,--,6,6,0,1,1,0,Đúng
An Khê,21,20/02/2016,Ba,425.82,3.64,--,4,--,4,4,0,1,1,0,Đúng
An Khê,23,20/02/2016,Ba,425.81,2.64,--,4,--,4,4,0,1,1,0,Đúng
An Khê,1,21/02/2016,Ba,425.81,2.64,--,4,--,4,4,0,1,1,0,Đúng
An Khê,3,21/02/2016,Ba,425.80,2.64,--,4,--,4,4,0,1,1,0,Đúng
An Khê,5,21/02/2016,Ba,425.80,2.64,--,4,--,4,4,0,1,1,0,Đúng
An Khê,7,21/02/2016,Ba,425.79,3.64,--,6,--,6,6,0,1,1,0,Đúng
An Khê,9,21/02/2016,Ba,425.79,4.64,--,6,--,6,6,0,1,1,0,Đúng
An Khê,11,21/02/2016,Ba,425.78,4.64,--,6,--,6,6,0,1,1,0,Đúng
An Khê,13,21/02/2016,Ba,425.78,4.64,--,6,--,6,6,0,1,1,0,Đúng
An Khê,15,21/02/2016,Ba,425.77,4.64,--,6,--,6,6,0,1,1,0,Đúng
An Khê,17,21/02/2016,Ba,425.77,4.64,--,6,--,6,6,0,1,1,0,Đúng
An Khê,19,21/02/2016,Ba,425.76,4.64,--,6,--,6,6,0,1,1,0,Đúng
An Khê,21,21/02/2016,Ba,425.76,3.64,--,4,--,4,4,0,1,1,0,Đúng
An Khê,23,21/02/2016,Ba,425.75,2.64,--,4,--,4,4,0,1,1,0,Đúng
An Khê,1,22/02/2016,Ba,425.75,2.64,--,4,--,4,4,0,1,1,0,Đúng
An Khê,3,22/02/2016,Ba,425.74,2.64,--,4,--,4,4,0,1,1,0,Đúng
An Khê,5,22/02/2016,Ba,425.74,2.64,--,4,--,4,4,0,1,1,0,Đúng
An Khê,7,22/02/2016,Ba,425.73,3.64,--,6,--,6,6,0,1,1,0,Đúng
An Khê,9,22/02/2016,Ba,425.73,4.64,--,6,--,6,6,0,1,1,0,Đúng
An Khê,11,22/02/2016,Ba,425.72,4.64,--,6,--,6,6,0,1,1,0,Đúng
An Khê,13,22/02/2016,Ba,425.72,4.64,--,6,--,6,6,0,1,1,0,Đúng
An Khê,15,22/02/2016,Ba,425.71,4.64,--,6,--,6,6,0,1,1,0,Đúng
An Khê,17,22/02/2016,Ba,425.71,4.64,--,6,--,6,6,0,1,1,0,Đúng
An Khê,19,22/02/2016,Ba,425.70,4.64,--,6,--,6,6,0,1,1,0,Đúng
An Khê,21,22/02/2016,Ba,425.70,3.64,--,4,--,4,4,0,1,1,0,Đúng
An Khê,23,22/02/2016,Ba,425.69,2.64,--,4,--,4,4,0,1,1,0,Đúng
An Khê,1,23/02/2016,Ba,425.69,2.64,--,4,--,4,4,0,1,1,0,Đúng
An Khê,3,23/02/2016,Ba,425.68,2.64,--,4,--,4,4,0,1,1,0,Đúng
An Khê,5,23/02/2016,Ba,425.68,2.64,--,4,--,4,4,0,1,1,0,Đúng
An Khê,7,23/02/2016,Ba,425.67,3.64,--,6,--,6,6,0,1,1,0,Đúng
An Khê,9,23/02/2016,Ba,425.67,4.64,--,6,--,6,6,0,1,1,0,Đúng
An Khê,11,23/02/2016,Ba,425.66,4.64,--,6,--,6,6,0,1,1,0,Đúng
An Khê,13,23/02/2016,Ba,425.66,4.64,--,6,--,6,6,0,1,1,0,Đúng
An Khê,15,23/02/2016,Ba,425.65,4.64,--,6,--,6,6,0,1,1,0,Đúng
An Khê,17,23/02/2016,Ba,425.65,4.64,--,6,--,6,6,0,1,1,0,Đúng
An Khê,19,23/02/2016,Ba,425.64,4.64,--,6,--,6,6,0,1,1,0,Đúng
An Khê,21,23/02/2016,Ba,425.64,3.64,--,4,--,4,4,0,1,1,0,Đúng
An Khê,23,23/02/2016,Ba,425.63,2.64,--,4,--,4,4,0,1,1,0,Đúng
An Khê,1,24/02/2016,Ba,425.63,2.64,--,4,--,4,4,0,1,1,0,Đúng
An Khê,3,24/02/2016,Ba,425.62,2.64,--,4,--,4,4,0,1,1,0,Đúng
An Khê,5,24/02/2016,Ba,425.62,2.64,--,4,--,4,4,0,1,1,0,Đúng
An Khê,7,24/02/2016,Ba,425.61,3.64,--,6,--,6,6,0,1,1,0,Đúng
An Khê,9,24/02/2016,Ba,425.61,4.64,--,6,--,6,6,0,1,1,0,Đúng
An Khê,11,24/02/2016,Ba,425.60,4.64,--,6,--,6,6,0,1,1,0,Đúng
An Khê,13,24/02/2016,Ba,425.60,4.64,--,6,--,6,6,0,1,1,0,Đúng
An Khê,15,24/02/2016,Ba,425.59,4.64,--,6,--,6,6,0,1,1,0,Đúng
An Khê,17,24/02/2016,Ba,425.59,4.64,--,6,--,6,6,0,1,1,0,Đúng
An Khê,19,24/02/2016,Ba,425.58,4.64,--,6,--,6,6,0,1,1,0,Đúng
An Khê,21,24/02/2016,Ba,425.58,3.64,--,4,--,4,4,0,1,1,0,Đúng
An Khê,23,24/02/2016,Ba,425.57,2.64,--,4,--,4,4,0,1,1,0,Đúng
An Khê,0,25/02/2016,Ba,425.53,4.64,--,6,--,4,6,2,1,1,0,Đúng
An Khê,1,25/02/2016,Ba,425.57,2.64,--,4,--,4,4,0,1,1,0,Đúng
An Khê,3,25/02/2016,Ba,425.56,2.64,--,4,--,4,4,0,1,1,0,Đúng
An Khê,5,25/02/2016,Ba,425.56,2.64,--,4,--,4,4,0,1,1,0,Đúng
An Khê,7,25/02/2016,Ba,425.55,3.64,--,6,--,6,6,0,1,1,0,Đúng
An Khê,9,25/02/2016,Ba,425.55,4.64,--,6,--,6,6,0,1,1,0,Đúng
An Khê,11,25/02/2016,Ba,425.54,4.64,--,6,--,6,6,0,1,1,0,Đúng
An Khê,13,25/02/2016,Ba,425.53,4.64,--,6,--,6,6,0,1,1,0,Đúng
An Khê,15,25/02/2016,Ba,425.53,4.64,--,6,--,6,6,0,1,1,0,Đúng
An Khê,17,25/02/2016,Ba,425.53,4.64,--,6,--,6,6,0,1,1,0,Đúng
An Khê,19,25/02/2016,Ba,425.52,4.64,--,6,--,6,6,0,1,1,0,Đúng
An Khê,21,25/02/2016,Ba,425.52,3.64,--,4,--,4,4,0,1,1,0,Đúng
An Khê,23,25/02/2016,Ba,425.51,2.64,--,4,--,4,4,0,1,1,0,Đúng
An Khê,1,26/02/2016,Ba,425.51,2.64,--,4,--,4,4,0,1,1,0,Đúng
An Khê,3,26/02/2016,Ba,425.50,2.64,--,4,--,4,4,0,1,1,0,Đúng
An Khê,5,26/02/2016,Ba,425.50,2.64,--,4,--,4,4,0,1,1,0,Đúng
An Khê,7,26/02/2016,Ba,425.49,3.64,--,6,--,6,6,0,1,1,0,Đúng
An Khê,9,26/02/2016,Ba,425.49,4.64,--,6,--,6,6,0,1,1,0,Đúng
An Khê,11,26/02/2016,Ba,425.48,4.64,--,6,--,6,6,0,1,1,0,Đúng
An Khê,13,26/02/2016,Ba,425.48,4.64,--,6,--,6,6,0,1,1,0,Đúng
An Khê,15,26/02/2016,Ba,425.47,4.64,--,6,--,6,6,0,1,1,0,Đúng
An Khê,17,26/02/2016,Ba,425.47,4.64,--,6,--,6,6,0,1,1,0,Đúng
An Khê,19,26/02/2016,Ba,425.46,4.64,--,6,--,6,6,0,1,1,0,Đúng
An Khê,21,26/02/2016,Ba,425.46,3.64,--,4,--,4,4,0,1,1,0,Đúng
An Khê,23,26/02/2016,Ba,425.45,2.64,--,4,--,4,4,0,1,1,0,Đúng
An Khê,1,27/02/2016,Ba,425.45,2.64,--,4,--,4,4,0,1,1,0,Đúng
An Khê,3,27/02/2016,Ba,425.44,2.64,--,4,--,4,4,0,1,1,0,Đúng
An Khê,5,27/02/2016,Ba,425.44,2.64,--,4,--,4,4,0,1,1,0,Đúng
An Khê,7,27/02/2016,Ba,425.43,3.64,--,6,--,6,6,0,1,1,0,Đúng
An Khê,9,27/02/2016,Ba,425.43,4.64,--,6,--,6,6,0,1,1,0,Đúng
An Khê,11,27/02/2016,Ba,425.42,4.64,--,6,--,6,6,0,1,1,0,Đúng
An Khê,13,27/02/2016,Ba,425.41,3.27,--,6,--,6,6,0,1,1,0,Đúng
An Khê,15,27/02/2016,Ba,425.40,3.27,--,6,--,6,6,0,1,1,0,Đúng
An Khê,17,27/02/2016,Ba,425.39,3.28,--,6,--,6,6,0,1,1,0,Đúng
An Khê,19,27/02/2016,Ba,425.38,3.28,--,6,--,6,6,0,1,1,0,Đúng
An Khê,21,27/02/2016,Ba,425.38,3.64,--,4,--,4,4,0,1,1,0,Đúng
An Khê,23,27/02/2016,Ba,425.37,2.64,--,4,--,4,4,0,1,1,0,Đúng
An Khê,1,28/02/2016,Ba,425.36,1.27,--,4,--,4,4,0,1,1,0,Đúng
An Khê,3,28/02/2016,Ba,425.36,2.64,--,4,--,4,4,0,1,1,0,Đúng
An Khê,5,28/02/2016,Ba,425.35,2.64,--,4,--,4,4,0,1,1,0,Đúng
An Khê,7,28/02/2016,Ba,425.34,2.27,--,6,--,6,6,0,1,1,0,Đúng
An Khê,9,28/02/2016,Ba,425.33,3.27,--,6,--,6,6,0,1,1,0,Đúng
An Khê,11,28/02/2016,Ba,425.32,3.28,--,6,--,6,6,0,1,1,0,Đúng
An Khê,13,28/02/2016,Ba,425.31,3.28,--,6,--,6,6,0,1,1,0,Đúng
An Khê,15,28/02/2016,Ba,425.30,3.27,--,6,--,6,6,0,1,1,0,Đúng
An Khê,17,28/02/2016,Ba,425.29,3.28,--,6,--,6,6,0,1,1,0,Đúng
An Khê,19,28/02/2016,Ba,425.29,4.64,--,6,--,6,6,0,1,1,0,Đúng
An Khê,21,28/02/2016,Ba,425.28,3.64,--,4,--,4,4,0,1,1,0,Đúng
An Khê,23,28/02/2016,Ba,425.28,2.64,--,4,--,4,4,0,1,1,0,Đúng
An Khê,1,29/02/2016,Ba,425.27,3.95,--,4,--,4,4,0,1,1,0,Đúng
An Khê,3,29/02/2016,Ba,425.27,3.95,--,4,--,4,4,0,1,1,0,Đúng
An Khê,5,29/02/2016,Ba,425.26,2.64,--,4,--,4,4,0,1,1,0,Đúng
An Khê,7,29/02/2016,Ba,425.26,3.64,--,6,--,6,6,0,1,1,0,Đúng
An Khê,9,29/02/2016,Ba,425.25,4.64,--,6,--,6,6,0,1,1,0,Đúng
An Khê,11,29/02/2016,Ba,425.24,3.28,--,6,--,6,6,0,1,1,0,Đúng
An Khê,13,29/02/2016,Ba,425.24,4.64,--,6,--,6,6,0,1,1,0,Đúng
An Khê,15,29/02/2016,Ba,425.23,4.64,--,6,--,6,6,0,1,1,0,Đúng
An Khê,17,29/02/2016,Ba,425.22,3.28,--,6,--,6,6,0,1,1,0,Đúng
An Khê,19,29/02/2016,Ba,425.22,4.64,--,6,--,6,6,0,1,1,0,Đúng
An Khê,21,29/02/2016,Ba,425.21,3.64,--,4,--,4,4,0,1,1,0,Đúng
An Khê,23,29/02/2016,Ba,425.21,2.64,--,4,--,4,4,0,1,1,0,Đúng
An Khê,1,01/03/2016,Ba,425.20,3.95,--,4,--,4,4,0,1,1,0,Đúng
An Khê,3,01/03/2016,Ba,425.20,3.95,--,4,--,4,4,0,1,1,0,Đúng
An Khê,5,01/03/2016,Ba,425.20,3.95,--,4,--,4,4,0,1,1,0,Đúng
An Khê,7,01/03/2016,Ba,425.19,3.64,--,6,--,6,6,0,1,1,0,Đúng
An Khê,9,01/03/2016,Ba,425.18,4.64,--,6,--,6,6,0,1,1,0,Đúng
An Khê,11,01/03/2016,Ba,425.17,3.28,--,6,--,6,6,0,1,1,0,Đúng
An Khê,13,01/03/2016,Ba,425.17,4.64,--,6,--,6,6,0,1,1,0,Đúng
An Khê,15,01/03/2016,Ba,425.16,4.64,--,6,--,6,6,0,1,1,0,Đúng
An Khê,17,01/03/2016,Ba,425.15,3.28,--,6,--,6,6,0,1,1,0,Đúng
An Khê,19,01/03/2016,Ba,425.15,4.64,--,6,--,6,6,0,1,1,0,Đúng
An Khê,21,01/03/2016,Ba,425.14,3.64,--,4,--,4,4,0,1,1,0,Đúng
An Khê,23,01/03/2016,Ba,425.14,2.64,--,4,--,4,4,0,1,1,0,Đúng
An Khê,1,02/03/2016,Ba,425.13,3.95,--,4,--,4,4,0,1,1,0,Đúng
An Khê,3,02/03/2016,Ba,425.13,3.95,--,4,--,4,4,0,1,1,0,Đúng
An Khê,5,02/03/2016,Ba,425.12,2.64,--,4,--,4,4,0,1,1,0,Đúng
An Khê,7,02/03/2016,Ba,425.11,2.27,--,6,--,6,6,0,1,1,0,Đúng
An Khê,9,02/03/2016,Ba,425.11,4.64,--,6,--,6,6,0,1,1,0,Đúng
An Khê,11,02/03/2016,Ba,425.10,4.64,--,6,--,6,6,0,1,1,0,Đúng
An Khê,13,02/03/2016,Ba,425.10,4.64,--,6,--,6,6,0,1,1,0,Đúng
An Khê,15,02/03/2016,Ba,425.09,4.64,--,6,--,6,6,0,1,1,0,Đúng
An Khê,17,02/03/2016,Ba,425.10,6,--,6,--,6,6,0,1,1,0,Đúng
An Khê,19,02/03/2016,Ba,425.15,14.18,--,6,--,6,6,0,1,1,0,Đúng
An Khê,21,02/03/2016,Ba,425.20,18.63,--,4,--,4,4,0,1,1,0,Đúng
An Khê,23,02/03/2016,Ba,425.26,18.99,--,4,--,4,4,0,1,1,0,Đúng
An Khê,1,03/03/2016,Ba,425.32,16.43,--,4,--,4,4,0,1,1,0,Đúng
An Khê,3,03/03/2016,Ba,425.38,16.43,--,4,--,4,4,0,1,1,0,Đúng
An Khê,5,03/03/2016,Ba,425.44,20.35,--,4,--,4,4,0,1,1,0,Đúng
An Khê,7,03/03/2016,Ba,425.48,18.63,--,6,--,6,6,0,1,1,0,Đúng
An Khê,9,03/03/2016,Ba,425.50,14.18,--,6,--,6,6,0,1,1,0,Đúng
An Khê,11,03/03/2016,Ba,425.53,12.81,--,6,--,6,6,0,1,1,0,Đúng
An Khê,13,03/03/2016,Ba,425.55,12.81,--,6,--,6,6,0,1,1,0,Đúng
An Khê,15,03/03/2016,Ba,425.58,12.81,--,6,--,6,6,0,1,1,0,Đúng
An Khê,17,03/03/2016,Ba,425.62,15.54,--,6,--,6,6,0,1,1,0,Đúng
An Khê,19,03/03/2016,Ba,425.69,20.99,--,6,--,6,6,0,1,1,0,Đúng
An Khê,21,03/03/2016,Ba,425.78,26.80,--,4,--,4,4,0,1,1,0,Đúng
An Khê,23,03/03/2016,Ba,425.88,29.89,--,4,--,4,4,0,1,1,0,Đúng
An Khê,1,04/03/2016,Ba,425.98,24.71,--,4,--,4,4,0,1,1,0,Đúng
An Khê,3,04/03/2016,Ba,426.08,24.92,--,4,--,4,4,0,1,1,0,Đúng
An Khê,5,04/03/2016,Ba,426.18,31.72,--,4,--,4,4,0,1,1,0,Đúng
An Khê,7,04/03/2016,Ba,426.28,32.78,--,6,--,6,6,0,1,1,0,Đúng
An Khê,9,04/03/2016,Ba,426.38,33.78,--,6,--,6,6,0,1,1,0,Đúng
An Khê,11,04/03/2016,Ba,426.48,33.78,--,6,--,6,6,0,1,1,0,Đúng
An Khê,13,04/03/2016,Ba,426.56,31.83,--,6,--,6,6,0,1,1,0,Đúng
An Khê,15,04/03/2016,Ba,426.63,28.64,--,6,--,6,6,0,1,1,0,Đúng
An Khê,17,04/03/2016,Ba,426.71,28.92,--,6,--,6,6,0,1,1,0,Đúng
An Khê,19,04/03/2016,Ba,426.79,30.49,--,6,--,6,6,0,1,1,0,Đúng
An Khê,21,04/03/2016,Ba,426.87,29.44,--,4,--,4,4,0,1,1,0,Đúng
An Khê,23,04/03/2016,Ba,426.95,28.44,--,4,--,4,4,0,1,1,0,Đúng
An Khê,1,05/03/2016,Ba,427.01,21.13,--,4,--,4,4,0,1,1,0,Đúng
An Khê,3,05/03/2016,Ba,427.08,20.57,--,4,--,4,4,0,1,1,0,Đúng
An Khê,5,05/03/2016,Ba,427.16,29,--,4,--,4,4,0,1,1,0,Đúng
An Khê,7,05/03/2016,Ba,427.23,30,--,6,--,6,6,0,1,1,0,Đúng
An Khê,9,05/03/2016,Ba,427.28,31.25,--,27,--,6,6,0,1,1,0,Đúng
An Khê,11,05/03/2016,Ba,427.30,33.42,--,27,--,6,6,0,1,1,0,Đúng
An Khê,13,05/03/2016,Ba,427.36,29.83,--,6,--,6,6,0,1,1,0,Đúng
An Khê,15,05/03/2016,Ba,427.42,26,--,6,--,6,6,0,1,1,0,Đúng
An Khê,17,05/03/2016,Ba,427.49,27.67,--,6,--,6,6,0,1,1,0,Đúng
An Khê,19,05/03/2016,Ba,427.55,28.36,--,6,--,6,6,0,1,1,0,Đúng
An Khê,21,05/03/2016,Ba,427.60,24.72,--,4,--,4,4,0,1,1,0,Đúng
An Khê,23,05/03/2016,Ba,427.61,14.83,--,4,--,4,4,0,1,1,0,Đúng
An Khê,1,06/03/2016,Ba,427.61,5.81,--,4,--,4,4,0,1,1,0,Đúng
An Khê,3,06/03/2016,Ba,427.61,4,--,4,--,4,4,0,1,1,0,Đúng
An Khê,5,06/03/2016,Ba,427.61,4,--,4,--,4,4,0,1,1,0,Đúng
An Khê,7,06/03/2016,Ba,427.61,5,--,6,--,6,6,0,1,1,0,Đúng
An Khê,9,06/03/2016,Ba,427.61,6,--,6,--,6,6,0,1,1,0,Đúng
An Khê,11,06/03/2016,Ba,427.60,14.69,--,27,--,6,6,0,1,1,0,Đúng
An Khê,13,06/03/2016,Ba,427.62,21.75,--,27,--,6,6,0,1,1,0,Đúng
An Khê,15,06/03/2016,Ba,427.68,30.94,--,6,--,6,6,0,1,1,0,Đúng
An Khê,17,06/03/2016,Ba,427.74,27.67,--,6,--,6,6,0,1,1,0,Đúng
An Khê,21,06/03/2016,Ba,427.86,26.67,--,4,--,4,4,0,1,1,0,Đúng
An Khê,23,06/03/2016,Ba,427.92,25.67,--,4,--,4,4,0,1,1,0,Đúng
An Khê,1,07/03/2016,Ba,427.98,20.47,--,4,--,4,4,0,1,1,0,Đúng
An Khê,3,07/03/2016,Ba,428.04,21.86,--,4,--,4,4,0,1,1,0,Đúng
An Khê,5,07/03/2016,Ba,428.10,29.14,--,4,--,4,4,0,1,1,0,Đúng
An Khê,7,07/03/2016,Ba,428.16,30.83,--,6,--,6,6,0,1,1,0,Đúng
An Khê,1,08/03/2016,Ba,428.54,16.92,--,4,--,4,4,0,1,1,0,Đúng
An Khê,3,08/03/2016,Ba,428.59,21.22,--,4,--,4,4,0,1,1,0,Đúng
An Khê,5,08/03/2016,Ba,428.63,23.37,--,4,--,4,4,0,1,1,0,Đúng
An Khê,7,08/03/2016,Ba,428.64,15.76,--,6,--,6,6,0,1,1,0,Đúng
An Khê,9,08/03/2016,Ba,428.62,3.85,--,6,--,6,6,0,1,1,0,Đúng
An Khê,11,08/03/2016,Ba,428.62,1.69,--,6,--,6,6,0,1,1,0,Đúng
An Khê,13,08/03/2016,Ba,428.62,6,--,6,--,6,6,0,1,1,0,Đúng
An Khê,15,08/03/2016,Ba,428.64,10.31,--,6,--,6,6,0,1,1,0,Đúng
An Khê,17,08/03/2016,Ba,428.66,14.61,--,6,--,6,6,0,1,1,0,Đúng
An Khê,19,08/03/2016,Ba,428.69,16.76,--,6,--,6,6,0,1,1,0,Đúng
An Khê,21,08/03/2016,Ba,428.71,15.76,--,4,--,4,4,0,1,1,0,Đúng
An Khê,23,08/03/2016,Ba,428.73,12.61,--,4,--,4,4,0,1,1,0,Đúng
An Khê,1,09/03/2016,Ba,428.75,10.54,--,4,--,4,4,0,1,1,0,Đúng
An Khê,3,09/03/2016,Ba,428.77,10.54,--,4,--,4,4,0,1,1,0,Đúng
An Khê,5,09/03/2016,Ba,428.79,12.61,--,4,--,4,4,0,1,1,0,Đúng
An Khê,7,09/03/2016,Ba,428.80,11.46,--,6,--,6,6,0,1,1,0,Đúng
An Khê,9,09/03/2016,Ba,428.79,6,--,6,--,6,6,0,1,1,0,Đúng
An Khê,11,09/03/2016,Ba,428.79,3.85,--,6,--,6,6,0,1,1,0,Đúng
An Khê,13,09/03/2016,Ba,428.79,6,--,6,--,6,6,0,1,1,0,Đúng
An Khê,15,09/03/2016,Ba,428.80,8.15,--,6,--,6,6,0,1,1,0,Đúng
An Khê,17,09/03/2016,Ba,428.82,12.46,--,6,--,6,6,0,1,1,0,Đúng
An Khê,19,09/03/2016,Ba,428.84,14.61,--,6,--,6,6,0,1,1,0,Đúng
An Khê,21,09/03/2016,Ba,428.86,13.61,--,4,--,4,4,0,1,1,0,Đúng
An Khê,23,09/03/2016,Ba,428.88,12.61,--,4,--,4,4,0,1,1,0,Đúng
An Khê,1,10/03/2016,Ba,428.90,10.54,--,4,--,4,4,0,1,1,0,Đúng
An Khê,3,10/03/2016,Ba,428.90,6.24,--,4,--,4,4,0,1,1,0,Đúng
An Khê,5,10/03/2016,Ba,428.90,4,--,4,--,4,4,0,1,1,0,Đúng
An Khê,7,10/03/2016,Ba,428.90,5,--,6,--,6,6,0,1,1,0,Đúng
An Khê,9,10/03/2016,Ba,428.89,3.85,--,6,--,6,6,0,1,1,0,Đúng
An Khê,11,10/03/2016,Ba,428.87,5.54,--,30,--,6,6,0,1,1,0,Đúng
An Khê,13,10/03/2016,Ba,428.82,8.93,--,30,--,6,6,0,1,1,0,Đúng
An Khê,15,10/03/2016,Ba,428.79,6.78,--,6,--,6,6,0,1,1,0,Đúng
An Khê,17,10/03/2016,Ba,428.79,5.54,--,6,--,6,6,0,1,1,0,Đúng
An Khê,19,10/03/2016,Ba,428.79,6,--,6,--,6,6,0,1,1,0,Đúng
An Khê,21,10/03/2016,Ba,428.80,7.15,--,4,--,4,4,0,1,1,0,Đúng
An Khê,23,10/03/2016,Ba,428.82,10.46,--,4,--,4,4,0,1,1,0,Đúng
An Khê,1,11/03/2016,Ba,428.82,8.31,--,4,--,4,4,0,1,1,0,Đúng
An Khê,3,11/03/2016,Ba,428.82,4,--,4,--,4,4,0,1,1,0,Đúng
An Khê,5,11/03/2016,Ba,428.82,4,--,4,--,4,4,0,1,1,0,Đúng
An Khê,7,11/03/2016,Ba,428.81,2.85,--,6,--,6,6,0,1,1,0,Đúng
An Khê,9,11/03/2016,Ba,428.81,3.85,--,6,--,6,6,0,1,1,0,Đúng
An Khê,11,11/03/2016,Ba,428.80,3.85,--,6,--,6,6,0,1,1,0,Đúng
An Khê,13,11/03/2016,Ba,428.80,3.85,--,6,--,6,6,0,1,1,0,Đúng
An Khê,15,11/03/2016,Ba,428.76,9.39,--,30,--,6,6,0,1,1,0,Đúng
An Khê,17,11/03/2016,Ba,428.73,14.93,--,30,--,6,6,0,1,1,0,Đúng
An Khê,19,11/03/2016,Ba,428.74,13.69,--,6,--,6,6,0,1,1,0,Đúng
An Khê,21,11/03/2016,Ba,428.76,11.46,--,4,--,4,4,0,1,1,0,Đúng
An Khê,23,11/03/2016,Ba,428.79,14.76,--,4,--,4,4,0,1,1,0,Đúng
An Khê,1,12/03/2016,Ba,428.81,12.61,--,4,--,4,4,0,1,1,0,Đúng
An Khê,3,12/03/2016,Ba,428.83,12.61,--,4,--,4,4,0,1,1,0,Đúng
An Khê,5,12/03/2016,Ba,428.85,12.61,--,4,--,4,4,0,1,1,0,Đúng
An Khê,7,12/03/2016,Ba,428.86,11.46,--,6,--,6,6,0,1,1,0,Đúng
An Khê,9,12/03/2016,Ba,428.86,8.15,--,6,--,6,6,0,1,1,0,Đúng
An Khê,11,12/03/2016,Ba,428.86,6,--,6,--,6,6,0,1,1,0,Đúng
An Khê,13,12/03/2016,Ba,428.86,6,--,6,--,6,6,0,1,1,0,Đúng
An Khê,15,12/03/2016,Ba,428.86,6,--,6,--,6,6,0,1,1,0,Đúng
An Khê,17,12/03/2016,Ba,428.86,6,--,6,--,6,6,0,1,1,0,Đúng
An Khê,19,12/03/2016,Ba,428.86,6,--,6,--,6,6,0,1,1,0,Đúng
An Khê,21,12/03/2016,Ba,428.88,9.31,--,4,--,4,4,0,1,1,0,Đúng
An Khê,23,12/03/2016,Ba,428.90,12.61,--,4,--,4,4,0,1,1,0,Đúng
An Khê,1,13/03/2016,Ba,428.91,8.39,--,4,--,4,4,0,1,1,0,Đúng
An Khê,3,13/03/2016,Ba,428.91,4.09,--,4,--,4,4,0,1,1,0,Đúng
An Khê,5,13/03/2016,Ba,428.91,4,--,4,--,4,4,0,1,1,0,Đúng
An Khê,7,13/03/2016,Ba,428.90,2.85,--,6,--,6,6,0,1,1,0,Đúng
An Khê,9,13/03/2016,Ba,428.90,3.85,--,6,--,6,6,0,1,1,0,Đúng
An Khê,11,13/03/2016,Ba,428.90,6,--,6,--,6,6,0,1,1,0,Đúng
An Khê,13,13/03/2016,Ba,428.90,6,--,6,--,6,6,0,1,1,0,Đúng
An Khê,15,13/03/2016,Ba,428.89,3.85,--,6,--,6,6,0,1,1,0,Đúng
An Khê,17,13/03/2016,Ba,428.89,3.85,--,6,--,6,6,0,1,1,0,Đúng
An Khê,19,13/03/2016,Ba,428.89,6,--,6,--,6,6,0,1,1,0,Đúng
An Khê,21,13/03/2016,Ba,428.89,5,--,4,--,4,4,0,1,1,0,Đúng
An Khê,23,13/03/2016,Ba,428.88,1.85,--,4,--,4,4,0,1,1,0,Đúng
An Khê,1,14/03/2016,Ba,428.88,1.85,--,4,--,4,4,0,1,1,0,Đúng
An Khê,3,14/03/2016,Ba,428.88,4,--,4,--,4,4,0,1,1,0,Đúng
An Khê,5,14/03/2016,Ba,428.88,4,--,4,--,4,4,0,1,1,0,Đúng
An Khê,7,14/03/2016,Ba,428.87,2.85,--,6,--,6,6,0,1,1,0,Đúng
An Khê,9,14/03/2016,Ba,428.87,3.85,--,6,--,6,6,0,1,1,0,Đúng
An Khê,11,14/03/2016,Ba,428.86,3.85,--,6,--,6,6,0,1,1,0,Đúng
An Khê,13,14/03/2016,Ba,428.86,3.85,--,6,--,6,6,0,1,1,0,Đúng
An Khê,15,14/03/2016,Ba,428.83,11.54,--,30,--,6,6,0,1,1,0,Đúng
An Khê,17,14/03/2016,Ba,428.81,13.24,--,6,--,6,6,0,1,1,0,Đúng
An Khê,19,14/03/2016,Ba,428.80,5.54,--,6,--,6,6,0,1,1,0,Đúng
An Khê,21,14/03/2016,Ba,428.80,2.85,--,4,--,4,4,0,1,1,0,Đúng
An Khê,23,14/03/2016,Ba,428.82,8.31,--,4,--,4,4,0,1,1,0,Đúng
An Khê,1,15/03/2016,Ba,428.83,8.39,--,4,--,4,4,0,1,1,0,Đúng
An Khê,3,15/03/2016,Ba,428.83,4.09,--,4,--,4,4,0,1,1,0,Đúng
An Khê,5,15/03/2016,Ba,428.83,4,--,4,--,4,4,0,1,1,0,Đúng
An Khê,7,15/03/2016,Ba,428.82,2.85,--,6,--,6,6,0,1,1,0,Đúng
An Khê,9,15/03/2016,Ba,428.82,3.85,--,6,--,6,6,0,1,1,0,Đúng
An Khê,11,15/03/2016,Ba,428.81,3.85,--,6,--,6,6,0,1,1,0,Đúng
An Khê,13,15/03/2016,Ba,428.81,3.85,--,6,--,6,6,0,1,1,0,Đúng
An Khê,15,15/03/2016,Ba,428.77,9.39,--,30,--,6,6,0,1,1,0,Đúng
An Khê,17,15/03/2016,Ba,428.73,12.78,--,30,--,6,6,0,1,1,0,Đúng
An Khê,19,15/03/2016,Ba,428.69,12.78,--,30,--,6,6,0,1,1,0,Đúng
An Khê,21,15/03/2016,Ba,428.70,10.54,--,4,--,4,4,0,1,1,0,Đúng
An Khê,23,15/03/2016,Ba,428.72,10.46,--,4,--,4,4,0,1,1,0,Đúng
An Khê,1,16/03/2016,Ba,428.74,10.54,--,4,--,4,4,0,1,1,0,Đúng
An Khê,3,16/03/2016,Ba,428.76,10.54,--,4,--,4,4,0,1,1,0,Đúng
An Khê,5,16/03/2016,Ba,428.78,12.61,--,4,--,4,4,0,1,1,0,Đúng
An Khê,7,16/03/2016,Ba,428.78,9.31,--,6,--,6,6,0,1,1,0,Đúng
An Khê,9,16/03/2016,Ba,428.78,6,--,6,--,6,6,0,1,1,0,Đúng
An Khê,11,16/03/2016,Ba,428.78,6,--,6,--,6,6,0,1,1,0,Đúng
An Khê,13,16/03/2016,Ba,428.77,3.85,--,6,--,6,6,0,1,1,0,Đúng
An Khê,15,16/03/2016,Ba,428.75,5.54,--,30,--,6,6,0,1,1,0,Đúng
An Khê,17,16/03/2016,Ba,428.71,11.08,--,30,--,6,6,0,1,1,0,Đúng
An Khê,19,16/03/2016,Ba,428.71,9.39,--,6,--,6,6,0,1,1,0,Đúng
An Khê,21,16/03/2016,Ba,428.72,7.15,--,4,--,4,4,0,1,1,0,Đúng
An Khê,23,16/03/2016,Ba,428.73,8.31,--,4,--,4,4,0,1,1,0,Đúng
An Khê,1,17/03/2016,Ba,428.73,6.15,--,4,--,4,4,0,1,1,0,Đúng
An Khê,3,17/03/2016,Ba,428.74,6.15,--,4,--,4,4,0,1,1,0,Đúng
An Khê,5,17/03/2016,Ba,428.75,8.31,--,4,--,4,4,0,1,1,0,Đúng
An Khê,7,17/03/2016,Ba,428.75,7.15,--,6,--,6,6,0,1,1,0,Đúng
An Khê,9,17/03/2016,Ba,428.75,6,--,6,--,6,6,0,1,1,0,Đúng
An Khê,11,17/03/2016,Ba,428.74,3.85,--,6,--,6,6,0,1,1,0,Đúng
An Khê,13,17/03/2016,Ba,428.72,5.54,--,30,--,6,6,0,1,1,0,Đúng
An Khê,15,17/03/2016,Ba,428.68,11.08,--,30,--,6,6,0,1,1,0,Đúng
An Khê,17,17/03/2016,Ba,428.66,17.08,--,30,--,6,6,0,1,1,0,Đúng
An Khê,19,17/03/2016,Ba,428.68,18,--,6,--,6,6,0,1,1,0,Đúng
An Khê,21,17/03/2016,Ba,428.70,13.61,--,4,--,4,4,0,1,1,0,Đúng
An Khê,23,17/03/2016,Ba,428.72,12.61,--,4,--,4,4,0,1,1,0,Đúng
An Khê,1,18/03/2016,Ba,428.74,10.54,--,4,--,4,4,0,1,1,0,Đúng
An Khê,3,18/03/2016,Ba,428.76,10.54,--,4,--,4,4,0,1,1,0,Đúng
An Khê,5,18/03/2016,Ba,428.78,12.61,--,4,--,4,4,0,1,1,0,Đúng
An Khê,7,18/03/2016,Ba,428.78,9.31,--,6,--,6,6,0,1,1,0,Đúng
An Khê,9,18/03/2016,Ba,428.78,6,--,6,--,6,6,0,1,1,0,Đúng
An Khê,11,18/03/2016,Ba,428.78,6,--,6,--,6,6,0,1,1,0,Đúng
An Khê,13,18/03/2016,Ba,428.78,6,--,6,--,6,6,0,1,1,0,Đúng
An Khê,15,18/03/2016,Ba,428.75,11.54,--,30,--,6,6,0,1,1,0,Đúng
An Khê,17,18/03/2016,Ba,428.71,14.93,--,30,--,6,6,0,1,1,0,Đúng
An Khê,19,18/03/2016,Ba,428.70,7.24,--,6,--,6,6,0,1,1,0,Đúng
An Khê,21,18/03/2016,Ba,428.70,2.85,--,4,--,4,4,0,1,1,0,Đúng
An Khê,23,18/03/2016,Ba,428.72,8.31,--,4,--,4,4,0,1,1,0,Đúng
An Khê,1,19/03/2016,Ba,428.74,10.54,--,4,--,4,4,0,1,1,0,Đúng
An Khê,3,19/03/2016,Ba,428.76,10.54,--,4,--,4,4,0,1,1,0,Đúng
An Khê,5,19/03/2016,Ba,428.78,12.61,--,4,--,4,4,0,1,1,0,Đúng
An Khê,7,19/03/2016,Ba,428.78,9.31,--,6,--,6,6,0,1,1,0,Đúng
An Khê,9,19/03/2016,Ba,428.78,6,--,6,--,6,6,0,1,1,0,Đúng
An Khê,11,19/03/2016,Ba,428.78,6,--,6,--,6,6,0,1,1,0,Đúng
An Khê,13,19/03/2016,Ba,428.78,6,--,6,--,6,6,0,1,1,0,Đúng
An Khê,15,19/03/2016,Ba,428.74,9.39,--,30,--,6,6,0,1,1,0,Đúng
An Khê,17,19/03/2016,Ba,428.69,10.63,--,30,--,6,6,0,1,1,0,Đúng
An Khê,19,19/03/2016,Ba,428.71,11.54,--,6,--,6,6,0,1,1,0,Đúng
An Khê,21,19/03/2016,Ba,428.72,11.46,--,4,--,4,4,0,1,1,0,Đúng
An Khê,23,19/03/2016,Ba,428.74,10.46,--,4,--,4,4,0,1,1,0,Đúng
An Khê,1,20/03/2016,Ba,428.76,10.54,--,4,--,4,4,0,1,1,0,Đúng
An Khê,3,20/03/2016,Ba,428.78,10.54,--,4,--,4,4,0,1,1,0,Đúng
An Khê,5,20/03/2016,Ba,428.78,10.46,--,4,--,4,4,0,1,1,0,Đúng
An Khê,7,20/03/2016,Ba,428.78,5,--,6,--,6,6,0,1,1,0,Đúng
An Khê,9,20/03/2016,Ba,428.78,6,--,6,--,6,6,0,1,1,0,Đúng
An Khê,11,20/03/2016,Ba,428.78,6,--,6,--,6,6,0,1,1,0,Đúng
An Khê,13,20/03/2016,Ba,428.78,6,--,6,--,6,6,0,1,1,0,Đúng
An Khê,15,20/03/2016,Ba,428.78,6,--,6,--,6,6,0,1,1,0,Đúng
An Khê,17,20/03/2016,Ba,428.78,6,--,6,--,6,6,0,1,1,0,Đúng
An Khê,19,20/03/2016,Ba,428.78,6,--,6,--,6,6,0,1,1,0,Đúng
An Khê,21,20/03/2016,Ba,428.77,2.85,--,4,--,4,4,0,1,1,0,Đúng
An Khê,23,20/03/2016,Ba,428.77,1.85,--,4,--,4,4,0,1,1,0,Đúng
An Khê,1,21/03/2016,Ba,428.77,4,--,4,--,4,4,0,1,1,0,Đúng
An Khê,3,21/03/2016,Ba,428.77,4,--,4,--,4,4,0,1,1,0,Đúng
An Khê,5,21/03/2016,Ba,428.77,4,--,4,--,4,4,0,1,1,0,Đúng
An Khê,7,21/03/2016,Ba,428.77,5,--,6,--,6,6,0,1,1,0,Đúng
An Khê,9,21/03/2016,Ba,428.77,6,--,6,--,6,6,0,1,1,0,Đúng
An Khê,11,21/03/2016,Ba,428.76,3.85,--,6,--,6,6,0,1,1,0,Đúng
An Khê,13,21/03/2016,Ba,428.76,3.85,--,6,--,6,6,0,1,1,0,Đúng
An Khê,15,21/03/2016,Ba,428.71,7.24,--,30,--,6,6,0,1,1,0,Đúng
An Khê,17,21/03/2016,Ba,428.65,6.32,--,30,--,6,6,0,1,1,0,Đúng
An Khê,19,21/03/2016,Ba,428.65,5.08,--,6,--,6,6,0,1,1,0,Đúng
An Khê,21,21/03/2016,Ba,428.67,9.31,--,4,--,4,4,0,1,1,0,Đúng
An Khê,23,21/03/2016,Ba,428.69,12.61,--,4,--,4,4,0,1,1,0,Đúng
An Khê,1,22/03/2016,Ba,428.71,10.54,--,4,--,4,4,0,1,1,0,Đúng
An Khê,3,22/03/2016,Ba,428.73,10.54,--,4,--,4,4,0,1,1,0,Đúng
An Khê,5,22/03/2016,Ba,428.74,10.46,--,4,--,4,4,0,1,1,0,Đúng
An Khê,7,22/03/2016,Ba,428.74,7.15,--,6,--,6,6,0,1,1,0,Đúng
An Khê,9,22/03/2016,Ba,428.73,3.85,--,6,--,6,6,0,1,1,0,Đúng
An Khê,11,22/03/2016,Ba,428.73,3.85,--,6,--,6,6,0,1,1,0,Đúng
An Khê,13,22/03/2016,Ba,428.72,3.85,--,6,--,6,6,0,1,1,0,Đúng
An Khê,15,22/03/2016,Ba,428.66,2.93,--,30,--,6,6,0,1,1,0,Đúng
An Khê,17,22/03/2016,Ba,428.60,4.17,--,30,--,6,6,0,1,1,0,Đúng
An Khê,19,22/03/2016,Ba,428.60,5.08,--,6,--,6,6,0,1,1,0,Đúng
An Khê,21,22/03/2016,Ba,428.60,5,--,4,--,4,4,0,1,1,0,Đúng
An Khê,23,22/03/2016,Ba,428.62,8.31,--,4,--,4,4,0,1,1,0,Đúng
An Khê,1,23/03/2016,Ba,428.63,10.46,--,4,--,4,4,0,1,1,0,Đúng
An Khê,3,23/03/2016,Ba,428.65,10.46,--,4,--,4,4,0,1,1,0,Đúng
An Khê,5,23/03/2016,Ba,428.67,12.61,--,4,--,4,4,0,1,1,0,Đúng
An Khê,7,23/03/2016,Ba,428.68,11.46,--,6,--,6,6,0,1,1,0,Đúng
An Khê,9,23/03/2016,Ba,428.68,8.15,--,6,--,6,6,0,1,1,0,Đúng
An Khê,11,23/03/2016,Ba,428.69,8.15,--,6,--,6,6,0,1,1,0,Đúng
An Khê,13,23/03/2016,Ba,428.69,14.15,--,30,--,6,6,0,1,1,0,Đúng
An Khê,15,23/03/2016,Ba,428.63,11.08,--,30,--,6,6,0,1,1,0,Đúng
An Khê,17,23/03/2016,Ba,428.59,2.47,--,6,--,6,6,0,1,1,0,Đúng
An Khê,19,23/03/2016,Ba,428.61,7.69,--,6,--,6,6,0,1,1,0,Đúng
An Khê,21,23/03/2016,Ba,428.62,11.46,--,4,--,4,4,0,1,1,0,Đúng
An Khê,23,23/03/2016,Ba,428.63,8.31,--,4,--,4,4,0,1,1,0,Đúng
An Khê,1,24/03/2016,Ba,428.64,8.31,--,4,--,4,4,0,1,1,0,Đúng
An Khê,3,24/03/2016,Ba,428.67,12.61,--,4,--,4,4,0,1,1,0,Đúng
An Khê,5,24/03/2016,Ba,428.70,16.92,--,4,--,4,4,0,1,1,0,Đúng
An Khê,7,24/03/2016,Ba,428.71,13.61,--,6,--,6,6,0,1,1,0,Đúng
An Khê,9,24/03/2016,Ba,428.71,8.15,--,6,--,6,6,0,1,1,0,Đúng
An Khê,11,24/03/2016,Ba,428.71,6,--,6,--,6,6,0,1,1,0,Đúng
An Khê,13,24/03/2016,Ba,428.68,5.54,--,30,--,6,6,0,1,1,0,Đúng
An Khê,15,24/03/2016,Ba,428.64,8.93,--,30,--,6,6,0,1,1,0,Đúng
An Khê,17,24/03/2016,Ba,428.60,6.78,--,6,--,6,6,0,1,1,0,Đúng
An Khê,19,24/03/2016,Ba,428.60,3.39,--,6,--,6,6,0,1,1,0,Đúng
An Khê,21,24/03/2016,Ba,428.62,9.31,--,4,--,4,4,0,1,1,0,Đúng
An Khê,23,24/03/2016,Ba,428.64,12.61,--,4,--,4,4,0,1,1,0,Đúng
An Khê,0,25/03/2016,Ba,428.65,10.54,--,4,--,4,4,0,1,1,0,Đúng
An Khê,1,25/03/2016,Ba,428.66,10.54,--,4,--,4,4,0,1,1,0,Đúng
An Khê,2,25/03/2016,Ba,428.67,10.54,--,4,--,4,4,0,1,1,0,Đúng
An Khê,3,25/03/2016,Ba,428.68,10.54,--,4,--,4,4,0,1,1,0,Đúng
An Khê,4,25/03/2016,Ba,428.69,12.61,--,4,--,4,4,0,1,1,0,Đúng
An Khê,5,25/03/2016,Ba,428.69,10.46,--,4,--,4,4,0,1,1,0,Đúng
An Khê,6,25/03/2016,Ba,428.69,8.81,--,6,--,6,6,0,1,1,0,Đúng
An Khê,7,25/03/2016,Ba,428.69,5.17,--,6,--,6,6,0,1,1,0,Đúng
An Khê,8,25/03/2016,Ba,428.69,5.50,--,6,--,6,6,0,1,1,0,Đúng
An Khê,9,25/03/2016,Ba,428.68,3.85,--,6,--,6,6,0,1,1,0,Đúng
An Khê,10,25/03/2016,Ba,428.68,3.85,--,6,--,6,6,0,1,1,0,Đúng
An Khê,11,25/03/2016,Ba,428.68,3.85,--,6,--,6,6,0,1,1,0,Đúng
An Khê,12,25/03/2016,Ba,428.68,3.85,--,6,--,6,6,0,1,1,0,Đúng
An Khê,13,25/03/2016,Ba,428.67,3.85,--,6,--,6,6,0,1,1,0,Đúng
An Khê,14,25/03/2016,Ba,428.67,9.85,--,30,--,6,6,0,1,1,0,Đúng
An Khê,15,25/03/2016,Ba,428.65,11.54,--,30,--,6,6,0,1,1,0,Đúng
An Khê,16,25/03/2016,Ba,428.63,13.24,--,30,--,6,6,0,1,1,0,Đúng
An Khê,17,25/03/2016,Ba,428.63,15.39,--,6,--,6,6,0,1,1,0,Đúng
An Khê,18,25/03/2016,Ba,428.63,9.39,--,6,--,6,6,0,1,1,0,Đúng
An Khê,19,25/03/2016,Ba,428.63,7.69,--,6,--,6,6,0,1,1,0,Đúng
An Khê,20,25/03/2016,Ba,428.63,5.50,--,4,--,4,4,0,1,1,0,Đúng
An Khê,21,25/03/2016,Ba,428.63,5,--,4,--,4,4,0,1,1,0,Đúng
An Khê,22,25/03/2016,Ba,428.64,6.65,--,4,--,4,4,0,1,1,0,Đúng
An Khê,23,25/03/2016,Ba,428.65,8.31,--,4,--,4,4,0,1,1,0,Đúng
An Khê,0,26/03/2016,Ba,428.66,8.39,--,4,--,4,4,0,1,1,0,Đúng
An Khê,1,26/03/2016,Ba,428.67,10.54,--,4,--,4,4,0,1,1,0,Đúng
An Khê,2,26/03/2016,Ba,428.68,10.54,--,4,--,4,4,0,1,1,0,Đúng
An Khê,3,26/03/2016,Ba,428.69,10.54,--,4,--,4,4,0,1,1,0,Đúng
An Khê,4,26/03/2016,Ba,428.70,12.61,--,4,--,4,4,0,1,1,0,Đúng
An Khê,5,26/03/2016,Ba,428.70,10.46,--,4,--,4,4,0,1,1,0,Đúng
An Khê,6,26/03/2016,Ba,428.70,8.81,--,6,--,6,6,0,1,1,0,Đúng
An Khê,7,26/03/2016,Ba,428.70,7.15,--,6,--,6,6,0,1,1,0,Đúng
An Khê,8,26/03/2016,Ba,428.69,3.35,--,6,--,6,6,0,1,1,0,Đúng
An Khê,9,26/03/2016,Ba,428.69,3.85,--,6,--,6,6,0,1,1,0,Đúng
An Khê,10,26/03/2016,Ba,428.69,3.85,--,6,--,6,6,0,1,1,0,Đúng
An Khê,11,26/03/2016,Ba,428.69,3.85,--,6,--,6,6,0,1,1,0,Đúng
An Khê,12,26/03/2016,Ba,428.68,3.85,--,6,--,6,6,0,1,1,0,Đúng
An Khê,13,26/03/2016,Ba,428.68,3.85,--,6,--,6,6,0,1,1,0,Đúng
An Khê,14,26/03/2016,Ba,428.68,3.85,--,6,--,6,6,0,1,1,0,Đúng
An Khê,15,26/03/2016,Ba,428.68,3.85,--,6,--,6,6,0,1,1,0,Đúng
An Khê,16,26/03/2016,Ba,428.68,6,--,6,--,6,6,0,1,1,0,Đúng
An Khê,17,26/03/2016,Ba,428.68,6,--,6,--,6,6,0,1,1,0,Đúng
An Khê,18,26/03/2016,Ba,428.68,6,--,6,--,6,6,0,1,1,0,Đúng
An Khê,19,26/03/2016,Ba,428.69,8.15,--,6,--,6,6,0,1,1,0,Đúng
An Khê,20,26/03/2016,Ba,428.69,7.65,--,4,--,4,4,0,1,1,0,Đúng
An Khê,21,26/03/2016,Ba,428.70,9.31,--,4,--,4,4,0,1,1,0,Đúng
An Khê,22,26/03/2016,Ba,428.70,8.81,--,4,--,4,4,0,1,1,0,Đúng
An Khê,23,26/03/2016,Ba,428.71,8.31,--,4,--,4,4,0,1,1,0,Đúng
An Khê,0,27/03/2016,Ba,428.72,8.39,--,4,--,4,4,0,1,1,0,Đúng
An Khê,1,27/03/2016,Ba,428.73,8.39,--,4,--,4,4,0,1,1,0,Đúng
An Khê,2,27/03/2016,Ba,428.74,10.54,--,4,--,4,4,0,1,1,0,Đúng
An Khê,3,27/03/2016,Ba,428.74,8.39,--,4,--,4,4,0,1,1,0,Đúng
An Khê,4,27/03/2016,Ba,428.74,8.31,--,4,--,4,4,0,1,1,0,Đúng
An Khê,5,27/03/2016,Ba,428.74,6.15,--,4,--,4,4,0,1,1,0,Đúng
An Khê,6,27/03/2016,Ba,428.74,4.50,--,6,--,6,6,0,1,1,0,Đúng
An Khê,7,27/03/2016,Ba,428.74,5,--,6,--,6,6,0,1,1,0,Đúng
An Khê,8,27/03/2016,Ba,428.73,3.35,--,6,--,6,6,0,1,1,0,Đúng
An Khê,9,27/03/2016,Ba,428.73,3.85,--,6,--,6,6,0,1,1,0,Đúng
An Khê,10,27/03/2016,Ba,428.73,3.85,--,6,--,6,6,0,1,1,0,Đúng
An Khê,11,27/03/2016,Ba,428.72,1.69,--,6,--,6,6,0,1,1,0,Đúng
An Khê,12,27/03/2016,Ba,428.72,3.85,--,6,--,6,6,0,1,1,0,Đúng
An Khê,13,27/03/2016,Ba,428.72,3.85,--,6,--,6,6,0,1,1,0,Đúng
An Khê,14,27/03/2016,Ba,428.72,3.85,--,6,--,6,6,0,1,1,0,Đúng
An Khê,15,27/03/2016,Ba,428.71,3.85,--,6,--,6,6,0,1,1,0,Đúng
An Khê,16,27/03/2016,Ba,428.71,3.85,--,6,--,6,6,0,1,1,0,Đúng
An Khê,17,27/03/2016,Ba,428.71,3.85,--,6,--,6,6,0,1,1,0,Đúng
An Khê,18,27/03/2016,Ba,428.71,3.85,--,6,--,6,6,0,1,1,0,Đúng
An Khê,19,27/03/2016,Ba,428.70,3.85,--,6,--,6,6,0,1,1,0,Đúng
An Khê,20,27/03/2016,Ba,428.70,3.35,--,4,--,4,4,0,1,1,0,Đúng
An Khê,21,27/03/2016,Ba,428.70,2.85,--,4,--,4,4,0,1,1,0,Đúng
An Khê,22,27/03/2016,Ba,428.70,2.35,--,4,--,4,4,0,1,1,0,Đúng
An Khê,23,27/03/2016,Ba,428.69,1.85,--,4,--,4,4,0,1,1,0,Đúng
An Khê,0,28/03/2016,Ba,428.69,1.85,--,4,--,4,4,0,1,1,0,Đúng
An Khê,1,28/03/2016,Ba,428.68,0,--,4,--,4,4,0,1,1,0,Đúng
An Khê,2,28/03/2016,Ba,428.68,0,--,4,--,4,4,0,1,1,0,Đúng
An Khê,3,28/03/2016,Ba,428.67,0,--,4,--,4,4,0,1,1,0,Đúng
An Khê,4,28/03/2016,Ba,428.67,0,--,4,--,4,4,0,1,1,0,Đúng
An Khê,5,28/03/2016,Ba,428.66,0,--,4,--,4,4,0,1,1,0,Đúng
An Khê,6,28/03/2016,Ba,428.66,0.19,--,6,--,6,6,0,1,1,0,Đúng
An Khê,7,28/03/2016,Ba,428.65,0.69,--,6,--,6,6,0,1,1,0,Đúng
An Khê,8,28/03/2016,Ba,428.65,1.19,--,6,--,6,6,0,1,1,0,Đúng
An Khê,9,28/03/2016,Ba,428.64,1.69,--,6,--,6,6,0,1,1,0,Đúng
An Khê,10,28/03/2016,Ba,428.64,1.69,--,6,--,6,6,0,1,1,0,Đúng
An Khê,11,28/03/2016,Ba,428.63,1.69,--,6,--,6,6,0,1,1,0,Đúng
An Khê,12,28/03/2016,Ba,428.63,1.69,--,6,--,6,6,0,1,1,0,Đúng
An Khê,13,28/03/2016,Ba,428.62,1.69,--,6,--,6,6,0,1,1,0,Đúng
An Khê,14,28/03/2016,Ba,428.62,1.69,--,6,--,6,6,0,1,1,0,Đúng
An Khê,15,28/03/2016,Ba,428.61,1.69,--,6,--,6,6,0,1,1,0,Đúng
An Khê,16,28/03/2016,Ba,428.61,1.69,--,6,--,6,6,0,1,1,0,Đúng
An Khê,17,28/03/2016,Ba,428.60,1.69,--,6,--,6,6,0,1,1,0,Đúng
An Khê,18,28/03/2016,Ba,428.60,1.69,--,6,--,6,6,0,1,1,0,Đúng
An Khê,19,28/03/2016,Ba,428.59,1.69,--,6,--,6,6,0,1,1,0,Đúng
An Khê,20,28/03/2016,Ba,428.60,3.35,--,4,--,4,4,0,1,1,0,Đúng
An Khê,21,28/03/2016,Ba,428.60,5,--,4,--,4,4,0,1,1,0,Đúng
An Khê,22,28/03/2016,Ba,428.61,6.65,--,4,--,4,4,0,1,1,0,Đúng
An Khê,23,28/03/2016,Ba,428.62,10.46,--,4,--,4,4,0,1,1,0,Đúng
An Khê,0,29/03/2016,Ba,428.63,8.39,--,4,--,4,4,0,1,1,0,Đúng
An Khê,1,29/03/2016,Ba,428.63,8.39,--,4,--,4,4,0,1,1,0,Đúng
An Khê,2,29/03/2016,Ba,428.63,6.24,--,4,--,4,4,0,1,1,0,Đúng
An Khê,3,29/03/2016,Ba,428.62,1.93,--,4,--,4,4,0,1,1,0,Đúng
An Khê,4,29/03/2016,Ba,428.62,1.85,--,4,--,4,4,0,1,1,0,Đúng
An Khê,5,29/03/2016,Ba,428.62,1.85,--,4,--,4,4,0,1,1,0,Đúng
An Khê,6,29/03/2016,Ba,428.61,0,--,6,--,6,6,0,1,1,0,Đúng
An Khê,7,29/03/2016,Ba,428.61,2.85,--,6,--,6,6,0,1,1,0,Đúng
An Khê,8,29/03/2016,Ba,428.61,3.35,--,6,--,6,6,0,1,1,0,Đúng
An Khê,9,29/03/2016,Ba,428.60,1.69,--,6,--,6,6,0,1,1,0,Đúng
An Khê,10,29/03/2016,Ba,428.60,3.85,--,6,--,6,6,0,1,1,0,Đúng
An Khê,11,29/03/2016,Ba,428.60,3.85,--,6,--,6,6,0,1,1,0,Đúng
An Khê,12,29/03/2016,Ba,428.60,3.85,--,6,--,6,6,0,1,1,0,Đúng
An Khê,13,29/03/2016,Ba,428.59,3.85,--,6,--,6,6,0,1,1,0,Đúng
An Khê,14,29/03/2016,Ba,428.59,3.85,--,6,--,6,6,0,1,1,0,Đúng
An Khê,15,29/03/2016,Ba,428.59,3.85,--,6,--,6,6,0,1,1,0,Đúng
An Khê,16,29/03/2016,Ba,428.58,7.69,--,6,--,6,6,0,1,1,0,Đúng
An Khê,17,29/03/2016,Ba,428.57,7.69,--,6,--,6,6,0,1,1,0,Đúng
An Khê,18,29/03/2016,Ba,428.57,7.69,--,6,--,6,6,0,1,1,0,Đúng
An Khê,19,29/03/2016,Ba,428.57,7.69,--,6,--,6,6,0,1,1,0,Đúng
An Khê,20,29/03/2016,Ba,428.57,3.35,--,4,--,4,4,0,1,1,0,Đúng
An Khê,21,29/03/2016,Ba,428.58,7.15,--,4,--,4,4,0,1,1,0,Đúng
An Khê,22,29/03/2016,Ba,428.58,6.65,--,4,--,4,4,0,1,1,0,Đúng
An Khê,23,29/03/2016,Ba,428.59,8.31,--,4,--,4,4,0,1,1,0,Đúng
An Khê,0,30/03/2016,Ba,428.59,8.31,--,4,--,4,4,0,1,1,0,Đúng
An Khê,1,30/03/2016,Ba,428.59,6.15,--,4,--,4,4,0,1,1,0,Đúng
An Khê,2,30/03/2016,Ba,428.59,6.15,--,4,--,4,4,0,1,1,0,Đúng
An Khê,3,30/03/2016,Ba,428.59,4,--,4,--,4,4,0,1,1,0,Đúng
An Khê,4,30/03/2016,Ba,428.59,4,--,4,--,4,4,0,1,1,0,Đúng
An Khê,5,30/03/2016,Ba,428.59,4,--,4,--,4,4,0,1,1,0,Đúng
An Khê,6,30/03/2016,Ba,428.58,2.35,--,6,--,6,6,0,1,1,0,Đúng
An Khê,7,30/03/2016,Ba,428.58,2.85,--,6,--,6,6,0,1,1,0,Đúng
An Khê,8,30/03/2016,Ba,428.58,3.35,--,6,--,6,6,0,1,1,0,Đúng
An Khê,9,30/03/2016,Ba,428.57,1.69,--,6,--,6,6,0,1,1,0,Đúng
An Khê,10,30/03/2016,Ba,428.57,3.85,--,6,--,6,6,0,1,1,0,Đúng
An Khê,11,30/03/2016,Ba,428.57,3.85,--,6,--,6,6,0,1,1,0,Đúng
An Khê,12,30/03/2016,Ba,428.56,1.69,--,6,--,6,6,0,1,1,0,Đúng
An Khê,13,30/03/2016,Ba,428.56,3.85,--,6,--,6,6,0,1,1,0,Đúng
An Khê,14,30/03/2016,Ba,428.55,1.69,--,6,--,6,6,0,1,1,0,Đúng
An Khê,15,30/03/2016,Ba,428.55,1.69,--,6,--,6,6,0,1,1,0,Đúng
An Khê,16,30/03/2016,Ba,428.54,1.69,--,6,--,6,6,0,1,1,0,Đúng
An Khê,17,30/03/2016,Ba,428.54,1.69,--,6,--,6,6,0,1,1,0,Đúng
An Khê,18,30/03/2016,Ba,428.54,3.85,--,6,--,6,6,0,1,1,0,Đúng
An Khê,19,30/03/2016,Ba,428.55,6,--,6,--,6,6,0,1,1,0,Đúng
An Khê,20,30/03/2016,Ba,428.56,9.81,--,4,--,4,4,0,1,1,0,Đúng
An Khê,21,30/03/2016,Ba,428.57,11.46,--,4,--,4,4,0,1,1,0,Đúng
An Khê,22,30/03/2016,Ba,428.58,13.11,--,4,--,4,4,0,1,1,0,Đúng
An Khê,23,30/03/2016,Ba,428.59,12.61,--,4,--,4,4,0,1,1,0,Đúng
An Khê,0,31/03/2016,Ba,428.59,10.46,--,4,--,4,4,0,1,1,0,Đúng
An Khê,1,31/03/2016,Ba,428.59,8.31,--,4,--,4,4,0,1,1,0,Đúng
An Khê,2,31/03/2016,Ba,428.59,6.15,--,4,--,4,4,0,1,1,0,Đúng
An Khê,3,31/03/2016,Ba,428.59,4,--,4,--,4,4,0,1,1,0,Đúng
An Khê,4,31/03/2016,Ba,428.59,4,--,4,--,4,4,0,1,1,0,Đúng
An Khê,5,31/03/2016,Ba,428.59,4,--,4,--,4,4,0,1,1,0,Đúng
An Khê,6,31/03/2016,Ba,428.59,4.50,--,6,--,6,6,0,1,1,0,Đúng
An Khê,7,31/03/2016,Ba,428.58,2.85,--,6,--,6,6,0,1,1,0,Đúng
An Khê,8,31/03/2016,Ba,428.58,3.35,--,6,--,6,6,0,1,1,0,Đúng
An Khê,9,31/03/2016,Ba,428.57,1.69,--,6,--,6,6,0,1,1,0,Đúng
An Khê,10,31/03/2016,Ba,428.57,1.69,--,6,--,6,6,0,1,1,0,Đúng
An Khê,11,31/03/2016,Ba,428.56,1.69,--,6,--,6,6,0,1,1,0,Đúng
An Khê,12,31/03/2016,Ba,428.56,1.69,--,6,--,6,6,0,1,1,0,Đúng
An Khê,13,31/03/2016,Ba,428.55,1.69,--,6,--,6,6,0,1,1,0,Đúng
An Khê,14,31/03/2016,Ba,428.55,1.69,--,6,--,6,6,0,1,1,0,Đúng
An Khê,15,31/03/2016,Ba,428.54,1.69,--,6,--,6,6,0,1,1,0,Đúng
An Khê,16,31/03/2016,Ba,428.54,1.69,--,6,--,6,6,0,1,1,0,Đúng
An Khê,17,31/03/2016,Ba,428.54,3.85,--,6,--,6,6,0,1,1,0,Đúng
An Khê,18,31/03/2016,Ba,428.54,3.85,--,6,--,6,6,0,1,1,0,Đúng
An Khê,19,31/03/2016,Ba,428.54,6,--,6,--,6,6,0,1,1,0,Đúng
An Khê,20,31/03/2016,Ba,428.55,7.65,--,4,--,4,4,0,1,1,0,Đúng
An Khê,21,31/03/2016,Ba,428.56,9.31,--,4,--,4,4,0,1,1,0,Đúng
An Khê,22,31/03/2016,Ba,428.57,10.96,--,4,--,4,4,0,1,1,0,Đúng
An Khê,23,31/03/2016,Ba,428.58,12.61,--,4,--,4,4,0,1,1,0,Đúng
An Khê,1,01/04/2016,Ba,428.58,8.31,--,4,--,4,4,0,1,1,0,Đúng
An Khê,3,01/04/2016,Ba,428.58,4,--,4,--,4,4,0,1,1,0,Đúng
An Khê,5,01/04/2016,Ba,428.58,4,--,4,--,4,4,0,1,1,0,Đúng
An Khê,7,01/04/2016,Ba,428.57,2.85,--,6,--,6,6,0,1,1,0,Đúng
An Khê,9,01/04/2016,Ba,428.58,3.85,--,6,--,6,6,0,1,1,0,Đúng
An Khê,11,01/04/2016,Ba,428.56,3.85,--,6,--,6,6,0,1,1,0,Đúng
An Khê,13,01/04/2016,Ba,428.55,1.69,--,6,--,6,6,0,1,1,0,Đúng
An Khê,15,01/04/2016,Ba,428.55,3.85,--,6,--,6,6,0,1,1,0,Đúng
An Khê,17,01/04/2016,Ba,428.54,3.85,--,6,--,6,6,0,1,1,0,Đúng
An Khê,19,01/04/2016,Ba,428.54,3.85,--,6,--,6,6,0,1,1,0,Đúng
An Khê,21,01/04/2016,Ba,428.55,7.15,--,4,--,4,4,0,1,1,0,Đúng
An Khê,23,01/04/2016,Ba,428.57,10.46,--,4,--,4,4,0,1,1,0,Đúng
